id,c0_x,c0_y,c0_z,c1_x,c1_y,c1_z,c2_x,c2_y,c2_z,c3_x,c3_y,c3_z
0,21.645,0.07499999999999929,2.9880000000000013,21.645,0.42499999999999893,2.9880000000000013,21.295,0.42499999999999893,2.9880000000000013,21.295,0.07499999999999929,2.9880000000000013
1,20.645,0.07499999999999929,2.9880000000000013,20.645,0.42499999999999893,2.9880000000000013,20.295,0.42499999999999893,2.9880000000000013,20.295,0.07499999999999929,2.9880000000000013
2,19.645,0.07499999999999929,2.9880000000000013,19.645,0.42499999999999893,2.9880000000000013,19.295,0.42499999999999893,2.9880000000000013,19.295,0.07499999999999929,2.9880000000000013
3,18.645,0.07499999999999929,2.9880000000000013,18.645,0.42499999999999893,2.9880000000000013,18.295,0.42499999999999893,2.9880000000000013,18.295,0.07499999999999929,2.9880000000000013
4,17.645,0.07499999999999929,2.9880000000000013,17.645,0.42499999999999893,2.9880000000000013,17.295,0.42499999999999893,2.9880000000000013,17.295,0.07499999999999929,2.9880000000000013
5,16.645,0.07499999999999929,2.9880000000000013,16.645,0.42499999999999893,2.9880000000000013,16.295,0.42499999999999893,2.9880000000000013,16.295,0.07499999999999929,2.9880000000000013
6,15.645,0.07499999999999929,2.9880000000000013,15.645,0.42499999999999893,2.9880000000000013,15.295000000000002,0.42499999999999893,2.9880000000000013,15.295000000000002,0.07499999999999929,2.9880000000000013
7,14.645,0.07499999999999929,2.9880000000000013,14.645,0.42499999999999893,2.9880000000000013,14.295000000000002,0.42499999999999893,2.9880000000000013,14.295000000000002,0.07499999999999929,2.9880000000000013
8,13.645,0.07499999999999929,2.9880000000000013,13.645,0.42499999999999893,2.9880000000000013,13.295000000000002,0.42499999999999893,2.9880000000000013,13.295000000000002,0.07499999999999929,2.9880000000000013
9,12.645,0.07499999999999929,2.9880000000000013,12.645,0.42499999999999893,2.9880000000000013,12.295000000000002,0.42499999999999893,2.9880000000000013,12.295000000000002,0.07499999999999929,2.9880000000000013
10,11.645,0.07499999999999929,2.9880000000000013,11.645,0.42499999999999893,2.9880000000000013,11.295000000000002,0.42499999999999893,2.9880000000000013,11.295000000000002,0.07499999999999929,2.9880000000000013
11,10.645,0.07499999999999929,2.9880000000000013,10.645,0.42499999999999893,2.9880000000000013,10.295000000000002,0.42499999999999893,2.9880000000000013,10.295000000000002,0.07499999999999929,2.9880000000000013
12,9.645,0.07499999999999929,2.9880000000000013,9.645,0.42499999999999893,2.9880000000000013,9.295000000000002,0.42499999999999893,2.9880000000000013,9.295000000000002,0.07499999999999929,2.9880000000000013
13,8.645,0.07499999999999929,2.9880000000000013,8.645,0.42499999999999893,2.9880000000000013,8.295000000000002,0.42499999999999893,2.9880000000000013,8.295000000000002,0.07499999999999929,2.9880000000000013
14,7.6450000000000005,0.07499999999999929,2.9880000000000013,7.6450000000000005,0.42499999999999893,2.9880000000000013,7.295000000000001,0.42499999999999893,2.9880000000000013,7.295000000000001,0.07499999999999929,2.9880000000000013
15,6.6450000000000005,0.07499999999999929,2.9880000000000013,6.6450000000000005,0.42499999999999893,2.9880000000000013,6.295000000000001,0.42499999999999893,2.9880000000000013,6.295000000000001,0.07499999999999929,2.9880000000000013
16,5.6450000000000005,0.07499999999999929,2.9880000000000013,5.6450000000000005,0.42499999999999893,2.9880000000000013,5.294999999999999,0.42499999999999893,2.9880000000000013,5.294999999999999,0.07499999999999929,2.9880000000000013
17,4.6450000000000005,0.07499999999999929,2.9880000000000013,4.6450000000000005,0.42499999999999893,2.9880000000000013,4.294999999999999,0.42499999999999893,2.9880000000000013,4.294999999999999,0.07499999999999929,2.9880000000000013
18,3.6450000000000005,0.07499999999999929,2.9880000000000013,3.6450000000000005,0.42499999999999893,2.9880000000000013,3.294999999999999,0.42499999999999893,2.9880000000000013,3.294999999999999,0.07499999999999929,2.9880000000000013
19,2.6450000000000005,0.07499999999999929,2.9880000000000013,2.6450000000000005,0.42499999999999893,2.9880000000000013,2.294999999999999,0.42499999999999893,2.9880000000000013,2.294999999999999,0.07499999999999929,2.9880000000000013
20,1.6450000000000005,0.07499999999999929,2.9880000000000013,1.6450000000000005,0.42499999999999893,2.9880000000000013,1.294999999999999,0.42499999999999893,2.9880000000000013,1.294999999999999,0.07499999999999929,2.9880000000000013
21,0.6450000000000005,0.07499999999999929,2.9880000000000013,0.6450000000000005,0.42499999999999893,2.9880000000000013,0.29499999999999904,0.42499999999999893,2.9880000000000013,0.29499999999999904,0.07499999999999929,2.9880000000000013
22,-0.35499999999999954,0.07499999999999929,2.9880000000000013,-0.35499999999999954,0.42499999999999893,2.9880000000000013,-0.705000000000001,0.42499999999999893,2.9880000000000013,-0.705000000000001,0.07499999999999929,2.9880000000000013
23,-1.3549999999999995,0.07499999999999929,2.9880000000000013,-1.3549999999999995,0.42499999999999893,2.9880000000000013,-1.705000000000001,0.42499999999999893,2.9880000000000013,-1.705000000000001,0.07499999999999929,2.9880000000000013
24,21.645,1.0749999999999993,2.9880000000000013,21.645,1.424999999999999,2.9880000000000013,21.295,1.424999999999999,2.9880000000000013,21.295,1.0749999999999993,2.9880000000000013
25,20.645,1.0749999999999993,2.9880000000000013,20.645,1.424999999999999,2.9880000000000013,20.295,1.424999999999999,2.9880000000000013,20.295,1.0749999999999993,2.9880000000000013
26,19.645,1.0749999999999993,2.9880000000000013,19.645,1.424999999999999,2.9880000000000013,19.295,1.424999999999999,2.9880000000000013,19.295,1.0749999999999993,2.9880000000000013
27,18.645,1.0749999999999993,2.9880000000000013,18.645,1.424999999999999,2.9880000000000013,18.295,1.424999999999999,2.9880000000000013,18.295,1.0749999999999993,2.9880000000000013
28,17.645,1.0749999999999993,2.9880000000000013,17.645,1.424999999999999,2.9880000000000013,17.295,1.424999999999999,2.9880000000000013,17.295,1.0749999999999993,2.9880000000000013
29,16.645,1.0749999999999993,2.9880000000000013,16.645,1.424999999999999,2.9880000000000013,16.295,1.424999999999999,2.9880000000000013,16.295,1.0749999999999993,2.9880000000000013
30,15.645,1.0749999999999993,2.9880000000000013,15.645,1.424999999999999,2.9880000000000013,15.295000000000002,1.424999999999999,2.9880000000000013,15.295000000000002,1.0749999999999993,2.9880000000000013
31,14.645,1.0749999999999993,2.9880000000000013,14.645,1.424999999999999,2.9880000000000013,14.295000000000002,1.424999999999999,2.9880000000000013,14.295000000000002,1.0749999999999993,2.9880000000000013
32,13.645,1.0749999999999993,2.9880000000000013,13.645,1.424999999999999,2.9880000000000013,13.295000000000002,1.424999999999999,2.9880000000000013,13.295000000000002,1.0749999999999993,2.9880000000000013
33,12.645,1.0749999999999993,2.9880000000000013,12.645,1.424999999999999,2.9880000000000013,12.295000000000002,1.424999999999999,2.9880000000000013,12.295000000000002,1.0749999999999993,2.9880000000000013
34,11.645,1.0749999999999993,2.9880000000000013,11.645,1.424999999999999,2.9880000000000013,11.295000000000002,1.424999999999999,2.9880000000000013,11.295000000000002,1.0749999999999993,2.9880000000000013
35,10.645,1.0749999999999993,2.9880000000000013,10.645,1.424999999999999,2.9880000000000013,10.295000000000002,1.424999999999999,2.9880000000000013,10.295000000000002,1.0749999999999993,2.9880000000000013
36,9.645,1.0749999999999993,2.9880000000000013,9.645,1.424999999999999,2.9880000000000013,9.295000000000002,1.424999999999999,2.9880000000000013,9.295000000000002,1.0749999999999993,2.9880000000000013
37,8.645,1.0749999999999993,2.9880000000000013,8.645,1.424999999999999,2.9880000000000013,8.295000000000002,1.424999999999999,2.9880000000000013,8.295000000000002,1.0749999999999993,2.9880000000000013
38,7.6450000000000005,1.0749999999999993,2.9880000000000013,7.6450000000000005,1.424999999999999,2.9880000000000013,7.295000000000001,1.424999999999999,2.9880000000000013,7.295000000000001,1.0749999999999993,2.9880000000000013
39,6.6450000000000005,1.0749999999999993,2.9880000000000013,6.6450000000000005,1.424999999999999,2.9880000000000013,6.295000000000001,1.424999999999999,2.9880000000000013,6.295000000000001,1.0749999999999993,2.9880000000000013
40,5.6450000000000005,1.0749999999999993,2.9880000000000013,5.6450000000000005,1.424999999999999,2.9880000000000013,5.294999999999999,1.424999999999999,2.9880000000000013,5.294999999999999,1.0749999999999993,2.9880000000000013
41,4.6450000000000005,1.0749999999999993,2.9880000000000013,4.6450000000000005,1.424999999999999,2.9880000000000013,4.294999999999999,1.424999999999999,2.9880000000000013,4.294999999999999,1.0749999999999993,2.9880000000000013
42,3.6450000000000005,1.0749999999999993,2.9880000000000013,3.6450000000000005,1.424999999999999,2.9880000000000013,3.294999999999999,1.424999999999999,2.9880000000000013,3.294999999999999,1.0749999999999993,2.9880000000000013
43,2.6450000000000005,1.0749999999999993,2.9880000000000013,2.6450000000000005,1.424999999999999,2.9880000000000013,2.294999999999999,1.424999999999999,2.9880000000000013,2.294999999999999,1.0749999999999993,2.9880000000000013
44,1.6450000000000005,1.0749999999999993,2.9880000000000013,1.6450000000000005,1.424999999999999,2.9880000000000013,1.294999999999999,1.424999999999999,2.9880000000000013,1.294999999999999,1.0749999999999993,2.9880000000000013
45,0.6450000000000005,1.0749999999999993,2.9880000000000013,0.6450000000000005,1.424999999999999,2.9880000000000013,0.29499999999999904,1.424999999999999,2.9880000000000013,0.29499999999999904,1.0749999999999993,2.9880000000000013
46,-0.35499999999999954,1.0749999999999993,2.9880000000000013,-0.35499999999999954,1.424999999999999,2.9880000000000013,-0.705000000000001,1.424999999999999,2.9880000000000013,-0.705000000000001,1.0749999999999993,2.9880000000000013
47,-1.3549999999999995,1.0749999999999993,2.9880000000000013,-1.3549999999999995,1.424999999999999,2.9880000000000013,-1.705000000000001,1.424999999999999,2.9880000000000013,-1.705000000000001,1.0749999999999993,2.9880000000000013
48,21.645,2.0749999999999993,2.988000000000001,21.645,2.424999999999999,2.988000000000001,21.295,2.424999999999999,2.988000000000001,21.295,2.0749999999999993,2.988000000000001
49,20.645,2.0749999999999993,2.988000000000001,20.645,2.424999999999999,2.988000000000001,20.295,2.424999999999999,2.988000000000001,20.295,2.0749999999999993,2.988000000000001
50,19.645,2.0749999999999993,2.988000000000001,19.645,2.424999999999999,2.988000000000001,19.295,2.424999999999999,2.988000000000001,19.295,2.0749999999999993,2.988000000000001
51,18.645,2.0749999999999993,2.988000000000001,18.645,2.424999999999999,2.988000000000001,18.295,2.424999999999999,2.988000000000001,18.295,2.0749999999999993,2.988000000000001
52,17.645,2.0749999999999993,2.988000000000001,17.645,2.424999999999999,2.988000000000001,17.295,2.424999999999999,2.988000000000001,17.295,2.0749999999999993,2.988000000000001
53,16.645,2.0749999999999993,2.988000000000001,16.645,2.424999999999999,2.988000000000001,16.295,2.424999999999999,2.988000000000001,16.295,2.0749999999999993,2.988000000000001
54,15.645,2.0749999999999993,2.988000000000001,15.645,2.424999999999999,2.988000000000001,15.295000000000002,2.424999999999999,2.988000000000001,15.295000000000002,2.0749999999999993,2.988000000000001
55,14.645,2.0749999999999993,2.988000000000001,14.645,2.424999999999999,2.988000000000001,14.295000000000002,2.424999999999999,2.988000000000001,14.295000000000002,2.0749999999999993,2.988000000000001
56,13.645,2.0749999999999993,2.988000000000001,13.645,2.424999999999999,2.988000000000001,13.295000000000002,2.424999999999999,2.988000000000001,13.295000000000002,2.0749999999999993,2.988000000000001
57,12.645,2.0749999999999993,2.988000000000001,12.645,2.424999999999999,2.988000000000001,12.295000000000002,2.424999999999999,2.988000000000001,12.295000000000002,2.0749999999999993,2.988000000000001
58,11.645,2.0749999999999993,2.988000000000001,11.645,2.424999999999999,2.988000000000001,11.295000000000002,2.424999999999999,2.988000000000001,11.295000000000002,2.0749999999999993,2.988000000000001
59,10.645,2.0749999999999993,2.988000000000001,10.645,2.424999999999999,2.988000000000001,10.295000000000002,2.424999999999999,2.988000000000001,10.295000000000002,2.0749999999999993,2.988000000000001
60,9.645,2.0749999999999993,2.988000000000001,9.645,2.424999999999999,2.988000000000001,9.295000000000002,2.424999999999999,2.988000000000001,9.295000000000002,2.0749999999999993,2.988000000000001
61,8.645,2.0749999999999993,2.988000000000001,8.645,2.424999999999999,2.988000000000001,8.295000000000002,2.424999999999999,2.988000000000001,8.295000000000002,2.0749999999999993,2.988000000000001
62,7.6450000000000005,2.0749999999999993,2.988000000000001,7.6450000000000005,2.424999999999999,2.988000000000001,7.295000000000001,2.424999999999999,2.988000000000001,7.295000000000001,2.0749999999999993,2.988000000000001
63,6.6450000000000005,2.0749999999999993,2.988000000000001,6.6450000000000005,2.424999999999999,2.988000000000001,6.295000000000001,2.424999999999999,2.988000000000001,6.295000000000001,2.0749999999999993,2.988000000000001
64,5.6450000000000005,2.0749999999999993,2.988000000000001,5.6450000000000005,2.424999999999999,2.988000000000001,5.294999999999999,2.424999999999999,2.988000000000001,5.294999999999999,2.0749999999999993,2.988000000000001
65,4.6450000000000005,2.0749999999999993,2.988000000000001,4.6450000000000005,2.424999999999999,2.988000000000001,4.294999999999999,2.424999999999999,2.988000000000001,4.294999999999999,2.0749999999999993,2.988000000000001
66,3.6450000000000005,2.0749999999999993,2.988000000000001,3.6450000000000005,2.424999999999999,2.988000000000001,3.294999999999999,2.424999999999999,2.988000000000001,3.294999999999999,2.0749999999999993,2.988000000000001
67,2.6450000000000005,2.0749999999999993,2.988000000000001,2.6450000000000005,2.424999999999999,2.988000000000001,2.294999999999999,2.424999999999999,2.988000000000001,2.294999999999999,2.0749999999999993,2.988000000000001
68,1.6450000000000005,2.0749999999999993,2.988000000000001,1.6450000000000005,2.424999999999999,2.988000000000001,1.294999999999999,2.424999999999999,2.988000000000001,1.294999999999999,2.0749999999999993,2.988000000000001
69,0.6450000000000005,2.0749999999999993,2.988000000000001,0.6450000000000005,2.424999999999999,2.988000000000001,0.29499999999999904,2.424999999999999,2.988000000000001,0.29499999999999904,2.0749999999999993,2.988000000000001
70,-0.35499999999999954,2.0749999999999993,2.988000000000001,-0.35499999999999954,2.424999999999999,2.988000000000001,-0.705000000000001,2.424999999999999,2.988000000000001,-0.705000000000001,2.0749999999999993,2.988000000000001
71,-1.3549999999999995,2.0749999999999993,2.988000000000001,-1.3549999999999995,2.424999999999999,2.988000000000001,-1.705000000000001,2.424999999999999,2.988000000000001,-1.705000000000001,2.0749999999999993,2.988000000000001
72,21.645,3.0749999999999993,2.988000000000001,21.645,3.424999999999999,2.988000000000001,21.295,3.424999999999999,2.988000000000001,21.295,3.0749999999999993,2.988000000000001
73,20.645,3.0749999999999993,2.988000000000001,20.645,3.424999999999999,2.988000000000001,20.295,3.424999999999999,2.988000000000001,20.295,3.0749999999999993,2.988000000000001
74,19.645,3.0749999999999993,2.988000000000001,19.645,3.424999999999999,2.988000000000001,19.295,3.424999999999999,2.988000000000001,19.295,3.0749999999999993,2.988000000000001
75,18.645,3.0749999999999993,2.988000000000001,18.645,3.424999999999999,2.988000000000001,18.295,3.424999999999999,2.988000000000001,18.295,3.0749999999999993,2.988000000000001
76,17.645,3.0749999999999993,2.988000000000001,17.645,3.424999999999999,2.988000000000001,17.295,3.424999999999999,2.988000000000001,17.295,3.0749999999999993,2.988000000000001
77,16.645,3.0749999999999993,2.988000000000001,16.645,3.424999999999999,2.988000000000001,16.295,3.424999999999999,2.988000000000001,16.295,3.0749999999999993,2.988000000000001
78,15.645,3.0749999999999993,2.988000000000001,15.645,3.424999999999999,2.988000000000001,15.295000000000002,3.424999999999999,2.988000000000001,15.295000000000002,3.0749999999999993,2.988000000000001
79,14.645,3.0749999999999993,2.988000000000001,14.645,3.424999999999999,2.988000000000001,14.295000000000002,3.424999999999999,2.988000000000001,14.295000000000002,3.0749999999999993,2.988000000000001
80,13.645,3.0749999999999993,2.988000000000001,13.645,3.424999999999999,2.988000000000001,13.295000000000002,3.424999999999999,2.988000000000001,13.295000000000002,3.0749999999999993,2.988000000000001
81,12.645,3.0749999999999993,2.988000000000001,12.645,3.424999999999999,2.988000000000001,12.295000000000002,3.424999999999999,2.988000000000001,12.295000000000002,3.0749999999999993,2.988000000000001
82,11.645,3.0749999999999993,2.988000000000001,11.645,3.424999999999999,2.988000000000001,11.295000000000002,3.424999999999999,2.988000000000001,11.295000000000002,3.0749999999999993,2.988000000000001
83,10.645,3.0749999999999993,2.988000000000001,10.645,3.424999999999999,2.988000000000001,10.295000000000002,3.424999999999999,2.988000000000001,10.295000000000002,3.0749999999999993,2.988000000000001
84,9.645,3.0749999999999993,2.988000000000001,9.645,3.424999999999999,2.988000000000001,9.295000000000002,3.424999999999999,2.988000000000001,9.295000000000002,3.0749999999999993,2.988000000000001
85,8.645,3.0749999999999993,2.988000000000001,8.645,3.424999999999999,2.988000000000001,8.295000000000002,3.424999999999999,2.988000000000001,8.295000000000002,3.0749999999999993,2.988000000000001
86,7.6450000000000005,3.0749999999999993,2.988000000000001,7.6450000000000005,3.424999999999999,2.988000000000001,7.295000000000001,3.424999999999999,2.988000000000001,7.295000000000001,3.0749999999999993,2.988000000000001
87,6.6450000000000005,3.0749999999999993,2.988000000000001,6.6450000000000005,3.424999999999999,2.988000000000001,6.295000000000001,3.424999999999999,2.988000000000001,6.295000000000001,3.0749999999999993,2.988000000000001
88,5.6450000000000005,3.0749999999999993,2.988000000000001,5.6450000000000005,3.424999999999999,2.988000000000001,5.294999999999999,3.424999999999999,2.988000000000001,5.294999999999999,3.0749999999999993,2.988000000000001
89,4.6450000000000005,3.0749999999999993,2.988000000000001,4.6450000000000005,3.424999999999999,2.988000000000001,4.294999999999999,3.424999999999999,2.988000000000001,4.294999999999999,3.0749999999999993,2.988000000000001
90,3.6450000000000005,3.0749999999999993,2.988000000000001,3.6450000000000005,3.424999999999999,2.988000000000001,3.294999999999999,3.424999999999999,2.988000000000001,3.294999999999999,3.0749999999999993,2.988000000000001
91,2.6450000000000005,3.0749999999999993,2.988000000000001,2.6450000000000005,3.424999999999999,2.988000000000001,2.294999999999999,3.424999999999999,2.988000000000001,2.294999999999999,3.0749999999999993,2.988000000000001
92,1.6450000000000005,3.0749999999999993,2.988000000000001,1.6450000000000005,3.424999999999999,2.988000000000001,1.294999999999999,3.424999999999999,2.988000000000001,1.294999999999999,3.0749999999999993,2.988000000000001
93,0.6450000000000005,3.0749999999999993,2.988000000000001,0.6450000000000005,3.424999999999999,2.988000000000001,0.29499999999999904,3.424999999999999,2.988000000000001,0.29499999999999904,3.0749999999999993,2.988000000000001
94,-0.35499999999999954,3.0749999999999993,2.988000000000001,-0.35499999999999954,3.424999999999999,2.988000000000001,-0.705000000000001,3.424999999999999,2.988000000000001,-0.705000000000001,3.0749999999999993,2.988000000000001
95,-1.3549999999999995,3.0749999999999993,2.988000000000001,-1.3549999999999995,3.424999999999999,2.988000000000001,-1.705000000000001,3.424999999999999,2.988000000000001,-1.705000000000001,3.0749999999999993,2.988000000000001
96,21.645,4.074999999999999,2.988000000000001,21.645,4.424999999999999,2.988000000000001,21.295,4.424999999999999,2.988000000000001,21.295,4.074999999999999,2.988000000000001
97,20.645,4.074999999999999,2.988000000000001,20.645,4.424999999999999,2.988000000000001,20.295,4.424999999999999,2.988000000000001,20.295,4.074999999999999,2.988000000000001
98,19.645,4.074999999999999,2.988000000000001,19.645,4.424999999999999,2.988000000000001,19.295,4.424999999999999,2.988000000000001,19.295,4.074999999999999,2.988000000000001
99,18.645,4.074999999999999,2.988000000000001,18.645,4.424999999999999,2.988000000000001,18.295,4.424999999999999,2.988000000000001,18.295,4.074999999999999,2.988000000000001
100,17.645,4.074999999999999,2.988000000000001,17.645,4.424999999999999,2.988000000000001,17.295,4.424999999999999,2.988000000000001,17.295,4.074999999999999,2.988000000000001
101,16.645,4.074999999999999,2.988000000000001,16.645,4.424999999999999,2.988000000000001,16.295,4.424999999999999,2.988000000000001,16.295,4.074999999999999,2.988000000000001
102,15.645,4.074999999999999,2.988000000000001,15.645,4.424999999999999,2.988000000000001,15.295000000000002,4.424999999999999,2.988000000000001,15.295000000000002,4.074999999999999,2.988000000000001
103,14.645,4.074999999999999,2.988000000000001,14.645,4.424999999999999,2.988000000000001,14.295000000000002,4.424999999999999,2.988000000000001,14.295000000000002,4.074999999999999,2.988000000000001
104,13.645,4.074999999999999,2.988000000000001,13.645,4.424999999999999,2.988000000000001,13.295000000000002,4.424999999999999,2.988000000000001,13.295000000000002,4.074999999999999,2.988000000000001
105,12.645,4.074999999999999,2.988000000000001,12.645,4.424999999999999,2.988000000000001,12.295000000000002,4.424999999999999,2.988000000000001,12.295000000000002,4.074999999999999,2.988000000000001
106,11.645,4.074999999999999,2.988000000000001,11.645,4.424999999999999,2.988000000000001,11.295000000000002,4.424999999999999,2.988000000000001,11.295000000000002,4.074999999999999,2.988000000000001
107,10.645,4.074999999999999,2.988000000000001,10.645,4.424999999999999,2.988000000000001,10.295000000000002,4.424999999999999,2.988000000000001,10.295000000000002,4.074999999999999,2.988000000000001
108,9.645,4.074999999999999,2.988000000000001,9.645,4.424999999999999,2.988000000000001,9.295000000000002,4.424999999999999,2.988000000000001,9.295000000000002,4.074999999999999,2.988000000000001
109,8.645,4.074999999999999,2.988000000000001,8.645,4.424999999999999,2.988000000000001,8.295000000000002,4.424999999999999,2.988000000000001,8.295000000000002,4.074999999999999,2.988000000000001
110,7.6450000000000005,4.074999999999999,2.988000000000001,7.6450000000000005,4.424999999999999,2.988000000000001,7.295000000000001,4.424999999999999,2.988000000000001,7.295000000000001,4.074999999999999,2.988000000000001
111,6.6450000000000005,4.074999999999999,2.988000000000001,6.6450000000000005,4.424999999999999,2.988000000000001,6.295000000000001,4.424999999999999,2.988000000000001,6.295000000000001,4.074999999999999,2.988000000000001
112,5.6450000000000005,4.074999999999999,2.988000000000001,5.6450000000000005,4.424999999999999,2.988000000000001,5.294999999999999,4.424999999999999,2.988000000000001,5.294999999999999,4.074999999999999,2.988000000000001
113,4.6450000000000005,4.074999999999999,2.988000000000001,4.6450000000000005,4.424999999999999,2.988000000000001,4.294999999999999,4.424999999999999,2.988000000000001,4.294999999999999,4.074999999999999,2.988000000000001
114,3.6450000000000005,4.074999999999999,2.988000000000001,3.6450000000000005,4.424999999999999,2.988000000000001,3.294999999999999,4.424999999999999,2.988000000000001,3.294999999999999,4.074999999999999,2.988000000000001
115,2.6450000000000005,4.074999999999999,2.988000000000001,2.6450000000000005,4.424999999999999,2.988000000000001,2.294999999999999,4.424999999999999,2.988000000000001,2.294999999999999,4.074999999999999,2.988000000000001
116,1.6450000000000005,4.074999999999999,2.988000000000001,1.6450000000000005,4.424999999999999,2.988000000000001,1.294999999999999,4.424999999999999,2.988000000000001,1.294999999999999,4.074999999999999,2.988000000000001
117,0.6450000000000005,4.074999999999999,2.988000000000001,0.6450000000000005,4.424999999999999,2.988000000000001,0.29499999999999904,4.424999999999999,2.988000000000001,0.29499999999999904,4.074999999999999,2.988000000000001
118,-0.35499999999999954,4.074999999999999,2.988000000000001,-0.35499999999999954,4.424999999999999,2.988000000000001,-0.705000000000001,4.424999999999999,2.988000000000001,-0.705000000000001,4.074999999999999,2.988000000000001
119,-1.3549999999999995,4.074999999999999,2.988000000000001,-1.3549999999999995,4.424999999999999,2.988000000000001,-1.705000000000001,4.424999999999999,2.988000000000001,-1.705000000000001,4.074999999999999,2.988000000000001
120,21.645,5.074999999999999,2.988000000000001,21.645,5.424999999999999,2.9880000000000004,21.295,5.424999999999999,2.9880000000000004,21.295,5.074999999999999,2.988000000000001
121,20.645,5.074999999999999,2.988000000000001,20.645,5.424999999999999,2.9880000000000004,20.295,5.424999999999999,2.9880000000000004,20.295,5.074999999999999,2.988000000000001
122,19.645,5.074999999999999,2.988000000000001,19.645,5.424999999999999,2.9880000000000004,19.295,5.424999999999999,2.9880000000000004,19.295,5.074999999999999,2.988000000000001
123,18.645,5.074999999999999,2.988000000000001,18.645,5.424999999999999,2.9880000000000004,18.295,5.424999999999999,2.9880000000000004,18.295,5.074999999999999,2.988000000000001
124,17.645,5.074999999999999,2.988000000000001,17.645,5.424999999999999,2.9880000000000004,17.295,5.424999999999999,2.9880000000000004,17.295,5.074999999999999,2.988000000000001
125,16.645,5.074999999999999,2.988000000000001,16.645,5.424999999999999,2.9880000000000004,16.295,5.424999999999999,2.9880000000000004,16.295,5.074999999999999,2.988000000000001
126,15.645,5.074999999999999,2.988000000000001,15.645,5.424999999999999,2.9880000000000004,15.295000000000002,5.424999999999999,2.9880000000000004,15.295000000000002,5.074999999999999,2.988000000000001
127,14.645,5.074999999999999,2.988000000000001,14.645,5.424999999999999,2.9880000000000004,14.295000000000002,5.424999999999999,2.9880000000000004,14.295000000000002,5.074999999999999,2.988000000000001
128,13.645,5.074999999999999,2.988000000000001,13.645,5.424999999999999,2.9880000000000004,13.295000000000002,5.424999999999999,2.9880000000000004,13.295000000000002,5.074999999999999,2.988000000000001
129,12.645,5.074999999999999,2.988000000000001,12.645,5.424999999999999,2.9880000000000004,12.295000000000002,5.424999999999999,2.9880000000000004,12.295000000000002,5.074999999999999,2.988000000000001
130,11.645,5.074999999999999,2.988000000000001,11.645,5.424999999999999,2.9880000000000004,11.295000000000002,5.424999999999999,2.9880000000000004,11.295000000000002,5.074999999999999,2.988000000000001
131,10.645,5.074999999999999,2.988000000000001,10.645,5.424999999999999,2.9880000000000004,10.295000000000002,5.424999999999999,2.9880000000000004,10.295000000000002,5.074999999999999,2.988000000000001
132,9.645,5.074999999999999,2.988000000000001,9.645,5.424999999999999,2.9880000000000004,9.295000000000002,5.424999999999999,2.9880000000000004,9.295000000000002,5.074999999999999,2.988000000000001
133,8.645,5.074999999999999,2.988000000000001,8.645,5.424999999999999,2.9880000000000004,8.295000000000002,5.424999999999999,2.9880000000000004,8.295000000000002,5.074999999999999,2.988000000000001
134,7.6450000000000005,5.074999999999999,2.988000000000001,7.6450000000000005,5.424999999999999,2.9880000000000004,7.295000000000001,5.424999999999999,2.9880000000000004,7.295000000000001,5.074999999999999,2.988000000000001
135,6.6450000000000005,5.074999999999999,2.988000000000001,6.6450000000000005,5.424999999999999,2.9880000000000004,6.295000000000001,5.424999999999999,2.9880000000000004,6.295000000000001,5.074999999999999,2.988000000000001
136,5.6450000000000005,5.074999999999999,2.988000000000001,5.6450000000000005,5.424999999999999,2.9880000000000004,5.294999999999999,5.424999999999999,2.9880000000000004,5.294999999999999,5.074999999999999,2.988000000000001
137,4.6450000000000005,5.074999999999999,2.988000000000001,4.6450000000000005,5.424999999999999,2.9880000000000004,4.294999999999999,5.424999999999999,2.9880000000000004,4.294999999999999,5.074999999999999,2.988000000000001
138,3.6450000000000005,5.074999999999999,2.988000000000001,3.6450000000000005,5.424999999999999,2.9880000000000004,3.294999999999999,5.424999999999999,2.9880000000000004,3.294999999999999,5.074999999999999,2.988000000000001
139,2.6450000000000005,5.074999999999999,2.988000000000001,2.6450000000000005,5.424999999999999,2.9880000000000004,2.294999999999999,5.424999999999999,2.9880000000000004,2.294999999999999,5.074999999999999,2.988000000000001
140,1.6450000000000005,5.074999999999999,2.988000000000001,1.6450000000000005,5.424999999999999,2.9880000000000004,1.294999999999999,5.424999999999999,2.9880000000000004,1.294999999999999,5.074999999999999,2.988000000000001
141,0.6450000000000005,5.074999999999999,2.988000000000001,0.6450000000000005,5.424999999999999,2.9880000000000004,0.29499999999999904,5.424999999999999,2.9880000000000004,0.29499999999999904,5.074999999999999,2.988000000000001
142,-0.35499999999999954,5.074999999999999,2.988000000000001,-0.35499999999999954,5.424999999999999,2.9880000000000004,-0.705000000000001,5.424999999999999,2.9880000000000004,-0.705000000000001,5.074999999999999,2.988000000000001
143,-1.3549999999999995,5.074999999999999,2.988000000000001,-1.3549999999999995,5.424999999999999,2.9880000000000004,-1.705000000000001,5.424999999999999,2.9880000000000004,-1.705000000000001,5.074999999999999,2.988000000000001
144,21.645,6.074999999999999,2.9880000000000004,21.645,6.424999999999999,2.9880000000000004,21.295,6.424999999999999,2.9880000000000004,21.295,6.074999999999999,2.9880000000000004
145,20.645,6.074999999999999,2.9880000000000004,20.645,6.424999999999999,2.9880000000000004,20.295,6.424999999999999,2.9880000000000004,20.295,6.074999999999999,2.9880000000000004
146,19.645,6.074999999999999,2.9880000000000004,19.645,6.424999999999999,2.9880000000000004,19.295,6.424999999999999,2.9880000000000004,19.295,6.074999999999999,2.9880000000000004
147,18.645,6.074999999999999,2.9880000000000004,18.645,6.424999999999999,2.9880000000000004,18.295,6.424999999999999,2.9880000000000004,18.295,6.074999999999999,2.9880000000000004
148,17.645,6.074999999999999,2.9880000000000004,17.645,6.424999999999999,2.9880000000000004,17.295,6.424999999999999,2.9880000000000004,17.295,6.074999999999999,2.9880000000000004
149,16.645,6.074999999999999,2.9880000000000004,16.645,6.424999999999999,2.9880000000000004,16.295,6.424999999999999,2.9880000000000004,16.295,6.074999999999999,2.9880000000000004
150,15.645,6.074999999999999,2.9880000000000004,15.645,6.424999999999999,2.9880000000000004,15.295000000000002,6.424999999999999,2.9880000000000004,15.295000000000002,6.074999999999999,2.9880000000000004
151,14.645,6.074999999999999,2.9880000000000004,14.645,6.424999999999999,2.9880000000000004,14.295000000000002,6.424999999999999,2.9880000000000004,14.295000000000002,6.074999999999999,2.9880000000000004
152,13.645,6.074999999999999,2.9880000000000004,13.645,6.424999999999999,2.9880000000000004,13.295000000000002,6.424999999999999,2.9880000000000004,13.295000000000002,6.074999999999999,2.9880000000000004
153,12.645,6.074999999999999,2.9880000000000004,12.645,6.424999999999999,2.9880000000000004,12.295000000000002,6.424999999999999,2.9880000000000004,12.295000000000002,6.074999999999999,2.9880000000000004
154,11.645,6.074999999999999,2.9880000000000004,11.645,6.424999999999999,2.9880000000000004,11.295000000000002,6.424999999999999,2.9880000000000004,11.295000000000002,6.074999999999999,2.9880000000000004
155,10.645,6.074999999999999,2.9880000000000004,10.645,6.424999999999999,2.9880000000000004,10.295000000000002,6.424999999999999,2.9880000000000004,10.295000000000002,6.074999999999999,2.9880000000000004
156,9.645,6.074999999999999,2.9880000000000004,9.645,6.424999999999999,2.9880000000000004,9.295000000000002,6.424999999999999,2.9880000000000004,9.295000000000002,6.074999999999999,2.9880000000000004
157,8.645,6.074999999999999,2.9880000000000004,8.645,6.424999999999999,2.9880000000000004,8.295000000000002,6.424999999999999,2.9880000000000004,8.295000000000002,6.074999999999999,2.9880000000000004
158,7.6450000000000005,6.074999999999999,2.9880000000000004,7.6450000000000005,6.424999999999999,2.9880000000000004,7.295000000000001,6.424999999999999,2.9880000000000004,7.295000000000001,6.074999999999999,2.9880000000000004
159,6.6450000000000005,6.074999999999999,2.9880000000000004,6.6450000000000005,6.424999999999999,2.9880000000000004,6.295000000000001,6.424999999999999,2.9880000000000004,6.295000000000001,6.074999999999999,2.9880000000000004
160,5.6450000000000005,6.074999999999999,2.9880000000000004,5.6450000000000005,6.424999999999999,2.9880000000000004,5.294999999999999,6.424999999999999,2.9880000000000004,5.294999999999999,6.074999999999999,2.9880000000000004
161,4.6450000000000005,6.074999999999999,2.9880000000000004,4.6450000000000005,6.424999999999999,2.9880000000000004,4.294999999999999,6.424999999999999,2.9880000000000004,4.294999999999999,6.074999999999999,2.9880000000000004
162,3.6450000000000005,6.074999999999999,2.9880000000000004,3.6450000000000005,6.424999999999999,2.9880000000000004,3.294999999999999,6.424999999999999,2.9880000000000004,3.294999999999999,6.074999999999999,2.9880000000000004
163,2.6450000000000005,6.074999999999999,2.9880000000000004,2.6450000000000005,6.424999999999999,2.9880000000000004,2.294999999999999,6.424999999999999,2.9880000000000004,2.294999999999999,6.074999999999999,2.9880000000000004
164,1.6450000000000005,6.074999999999999,2.9880000000000004,1.6450000000000005,6.424999999999999,2.9880000000000004,1.294999999999999,6.424999999999999,2.9880000000000004,1.294999999999999,6.074999999999999,2.9880000000000004
165,0.6450000000000005,6.074999999999999,2.9880000000000004,0.6450000000000005,6.424999999999999,2.9880000000000004,0.29499999999999904,6.424999999999999,2.9880000000000004,0.29499999999999904,6.074999999999999,2.9880000000000004
166,-0.35499999999999954,6.074999999999999,2.9880000000000004,-0.35499999999999954,6.424999999999999,2.9880000000000004,-0.705000000000001,6.424999999999999,2.9880000000000004,-0.705000000000001,6.074999999999999,2.9880000000000004
167,-1.3549999999999995,6.074999999999999,2.9880000000000004,-1.3549999999999995,6.424999999999999,2.9880000000000004,-1.705000000000001,6.424999999999999,2.9880000000000004,-1.705000000000001,6.074999999999999,2.9880000000000004
168,21.645,7.074999999999999,2.9880000000000004,21.645,7.424999999999999,2.9880000000000004,21.295,7.424999999999999,2.9880000000000004,21.295,7.074999999999999,2.9880000000000004
169,20.645,7.074999999999999,2.9880000000000004,20.645,7.424999999999999,2.9880000000000004,20.295,7.424999999999999,2.9880000000000004,20.295,7.074999999999999,2.9880000000000004
170,19.645,7.074999999999999,2.9880000000000004,19.645,7.424999999999999,2.9880000000000004,19.295,7.424999999999999,2.9880000000000004,19.295,7.074999999999999,2.9880000000000004
171,18.645,7.074999999999999,2.9880000000000004,18.645,7.424999999999999,2.9880000000000004,18.295,7.424999999999999,2.9880000000000004,18.295,7.074999999999999,2.9880000000000004
172,17.645,7.074999999999999,2.9880000000000004,17.645,7.424999999999999,2.9880000000000004,17.295,7.424999999999999,2.9880000000000004,17.295,7.074999999999999,2.9880000000000004
173,16.645,7.074999999999999,2.9880000000000004,16.645,7.424999999999999,2.9880000000000004,16.295,7.424999999999999,2.9880000000000004,16.295,7.074999999999999,2.9880000000000004
174,15.645,7.074999999999999,2.9880000000000004,15.645,7.424999999999999,2.9880000000000004,15.295000000000002,7.424999999999999,2.9880000000000004,15.295000000000002,7.074999999999999,2.9880000000000004
175,14.645,7.074999999999999,2.9880000000000004,14.645,7.424999999999999,2.9880000000000004,14.295000000000002,7.424999999999999,2.9880000000000004,14.295000000000002,7.074999999999999,2.9880000000000004
176,13.645,7.074999999999999,2.9880000000000004,13.645,7.424999999999999,2.9880000000000004,13.295000000000002,7.424999999999999,2.9880000000000004,13.295000000000002,7.074999999999999,2.9880000000000004
177,12.645,7.074999999999999,2.9880000000000004,12.645,7.424999999999999,2.9880000000000004,12.295000000000002,7.424999999999999,2.9880000000000004,12.295000000000002,7.074999999999999,2.9880000000000004
178,11.645,7.074999999999999,2.9880000000000004,11.645,7.424999999999999,2.9880000000000004,11.295000000000002,7.424999999999999,2.9880000000000004,11.295000000000002,7.074999999999999,2.9880000000000004
179,10.645,7.074999999999999,2.9880000000000004,10.645,7.424999999999999,2.9880000000000004,10.295000000000002,7.424999999999999,2.9880000000000004,10.295000000000002,7.074999999999999,2.9880000000000004
180,9.645,7.074999999999999,2.9880000000000004,9.645,7.424999999999999,2.9880000000000004,9.295000000000002,7.424999999999999,2.9880000000000004,9.295000000000002,7.074999999999999,2.9880000000000004
181,8.645,7.074999999999999,2.9880000000000004,8.645,7.424999999999999,2.9880000000000004,8.295000000000002,7.424999999999999,2.9880000000000004,8.295000000000002,7.074999999999999,2.9880000000000004
182,7.6450000000000005,7.074999999999999,2.9880000000000004,7.6450000000000005,7.424999999999999,2.9880000000000004,7.295000000000001,7.424999999999999,2.9880000000000004,7.295000000000001,7.074999999999999,2.9880000000000004
183,6.6450000000000005,7.074999999999999,2.9880000000000004,6.6450000000000005,7.424999999999999,2.9880000000000004,6.295000000000001,7.424999999999999,2.9880000000000004,6.295000000000001,7.074999999999999,2.9880000000000004
184,5.6450000000000005,7.074999999999999,2.9880000000000004,5.6450000000000005,7.424999999999999,2.9880000000000004,5.294999999999999,7.424999999999999,2.9880000000000004,5.294999999999999,7.074999999999999,2.9880000000000004
185,4.6450000000000005,7.074999999999999,2.9880000000000004,4.6450000000000005,7.424999999999999,2.9880000000000004,4.294999999999999,7.424999999999999,2.9880000000000004,4.294999999999999,7.074999999999999,2.9880000000000004
186,3.6450000000000005,7.074999999999999,2.9880000000000004,3.6450000000000005,7.424999999999999,2.9880000000000004,3.294999999999999,7.424999999999999,2.9880000000000004,3.294999999999999,7.074999999999999,2.9880000000000004
187,2.6450000000000005,7.074999999999999,2.9880000000000004,2.6450000000000005,7.424999999999999,2.9880000000000004,2.294999999999999,7.424999999999999,2.9880000000000004,2.294999999999999,7.074999999999999,2.9880000000000004
188,1.6450000000000005,7.074999999999999,2.9880000000000004,1.6450000000000005,7.424999999999999,2.9880000000000004,1.294999999999999,7.424999999999999,2.9880000000000004,1.294999999999999,7.074999999999999,2.9880000000000004
189,0.6450000000000005,7.074999999999999,2.9880000000000004,0.6450000000000005,7.424999999999999,2.9880000000000004,0.29499999999999904,7.424999999999999,2.9880000000000004,0.29499999999999904,7.074999999999999,2.9880000000000004
190,-0.35499999999999954,7.074999999999999,2.9880000000000004,-0.35499999999999954,7.424999999999999,2.9880000000000004,-0.705000000000001,7.424999999999999,2.9880000000000004,-0.705000000000001,7.074999999999999,2.9880000000000004
191,-1.3549999999999995,7.074999999999999,2.9880000000000004,-1.3549999999999995,7.424999999999999,2.9880000000000004,-1.705000000000001,7.424999999999999,2.9880000000000004,-1.705000000000001,7.074999999999999,2.9880000000000004
192,21.645,8.075,2.9880000000000004,21.645,8.424999999999999,2.9880000000000004,21.295,8.424999999999999,2.9880000000000004,21.295,8.075,2.9880000000000004
193,20.645,8.075,2.9880000000000004,20.645,8.424999999999999,2.9880000000000004,20.295,8.424999999999999,2.9880000000000004,20.295,8.075,2.9880000000000004
194,19.645,8.075,2.9880000000000004,19.645,8.424999999999999,2.9880000000000004,19.295,8.424999999999999,2.9880000000000004,19.295,8.075,2.9880000000000004
195,18.645,8.075,2.9880000000000004,18.645,8.424999999999999,2.9880000000000004,18.295,8.424999999999999,2.9880000000000004,18.295,8.075,2.9880000000000004
196,17.645,8.075,2.9880000000000004,17.645,8.424999999999999,2.9880000000000004,17.295,8.424999999999999,2.9880000000000004,17.295,8.075,2.9880000000000004
197,16.645,8.075,2.9880000000000004,16.645,8.424999999999999,2.9880000000000004,16.295,8.424999999999999,2.9880000000000004,16.295,8.075,2.9880000000000004
198,15.645,8.075,2.9880000000000004,15.645,8.424999999999999,2.9880000000000004,15.295000000000002,8.424999999999999,2.9880000000000004,15.295000000000002,8.075,2.9880000000000004
199,14.645,8.075,2.9880000000000004,14.645,8.424999999999999,2.9880000000000004,14.295000000000002,8.424999999999999,2.9880000000000004,14.295000000000002,8.075,2.9880000000000004
200,13.645,8.075,2.9880000000000004,13.645,8.424999999999999,2.9880000000000004,13.295000000000002,8.424999999999999,2.9880000000000004,13.295000000000002,8.075,2.9880000000000004
201,12.645,8.075,2.9880000000000004,12.645,8.424999999999999,2.9880000000000004,12.295000000000002,8.424999999999999,2.9880000000000004,12.295000000000002,8.075,2.9880000000000004
202,11.645,8.075,2.9880000000000004,11.645,8.424999999999999,2.9880000000000004,11.295000000000002,8.424999999999999,2.9880000000000004,11.295000000000002,8.075,2.9880000000000004
203,10.645,8.075,2.9880000000000004,10.645,8.424999999999999,2.9880000000000004,10.295000000000002,8.424999999999999,2.9880000000000004,10.295000000000002,8.075,2.9880000000000004
204,9.645,8.075,2.9880000000000004,9.645,8.424999999999999,2.9880000000000004,9.295000000000002,8.424999999999999,2.9880000000000004,9.295000000000002,8.075,2.9880000000000004
205,8.645,8.075,2.9880000000000004,8.645,8.424999999999999,2.9880000000000004,8.295000000000002,8.424999999999999,2.9880000000000004,8.295000000000002,8.075,2.9880000000000004
206,7.6450000000000005,8.075,2.9880000000000004,7.6450000000000005,8.424999999999999,2.9880000000000004,7.295000000000001,8.424999999999999,2.9880000000000004,7.295000000000001,8.075,2.9880000000000004
207,6.6450000000000005,8.075,2.9880000000000004,6.6450000000000005,8.424999999999999,2.9880000000000004,6.295000000000001,8.424999999999999,2.9880000000000004,6.295000000000001,8.075,2.9880000000000004
208,5.6450000000000005,8.075,2.9880000000000004,5.6450000000000005,8.424999999999999,2.9880000000000004,5.294999999999999,8.424999999999999,2.9880000000000004,5.294999999999999,8.075,2.9880000000000004
209,4.6450000000000005,8.075,2.9880000000000004,4.6450000000000005,8.424999999999999,2.9880000000000004,4.294999999999999,8.424999999999999,2.9880000000000004,4.294999999999999,8.075,2.9880000000000004
210,3.6450000000000005,8.075,2.9880000000000004,3.6450000000000005,8.424999999999999,2.9880000000000004,3.294999999999999,8.424999999999999,2.9880000000000004,3.294999999999999,8.075,2.9880000000000004
211,2.6450000000000005,8.075,2.9880000000000004,2.6450000000000005,8.424999999999999,2.9880000000000004,2.294999999999999,8.424999999999999,2.9880000000000004,2.294999999999999,8.075,2.9880000000000004
212,1.6450000000000005,8.075,2.9880000000000004,1.6450000000000005,8.424999999999999,2.9880000000000004,1.294999999999999,8.424999999999999,2.9880000000000004,1.294999999999999,8.075,2.9880000000000004
213,0.6450000000000005,8.075,2.9880000000000004,0.6450000000000005,8.424999999999999,2.9880000000000004,0.29499999999999904,8.424999999999999,2.9880000000000004,0.29499999999999904,8.075,2.9880000000000004
214,-0.35499999999999954,8.075,2.9880000000000004,-0.35499999999999954,8.424999999999999,2.9880000000000004,-0.705000000000001,8.424999999999999,2.9880000000000004,-0.705000000000001,8.075,2.9880000000000004
215,-1.3549999999999995,8.075,2.9880000000000004,-1.3549999999999995,8.424999999999999,2.9880000000000004,-1.705000000000001,8.424999999999999,2.9880000000000004,-1.705000000000001,8.075,2.9880000000000004
216,21.645,9.075,2.988,21.645,9.424999999999999,2.988,21.295,9.424999999999999,2.988,21.295,9.075,2.988
217,20.645,9.075,2.988,20.645,9.424999999999999,2.988,20.295,9.424999999999999,2.988,20.295,9.075,2.988
218,19.645,9.075,2.988,19.645,9.424999999999999,2.988,19.295,9.424999999999999,2.988,19.295,9.075,2.988
219,18.645,9.075,2.988,18.645,9.424999999999999,2.988,18.295,9.424999999999999,2.988,18.295,9.075,2.988
220,17.645,9.075,2.988,17.645,9.424999999999999,2.988,17.295,9.424999999999999,2.988,17.295,9.075,2.988
221,16.645,9.075,2.988,16.645,9.424999999999999,2.988,16.295,9.424999999999999,2.988,16.295,9.075,2.988
222,15.645,9.075,2.988,15.645,9.424999999999999,2.988,15.295000000000002,9.424999999999999,2.988,15.295000000000002,9.075,2.988
223,14.645,9.075,2.988,14.645,9.424999999999999,2.988,14.295000000000002,9.424999999999999,2.988,14.295000000000002,9.075,2.988
224,13.645,9.075,2.988,13.645,9.424999999999999,2.988,13.295000000000002,9.424999999999999,2.988,13.295000000000002,9.075,2.988
225,12.645,9.075,2.988,12.645,9.424999999999999,2.988,12.295000000000002,9.424999999999999,2.988,12.295000000000002,9.075,2.988
226,11.645,9.075,2.988,11.645,9.424999999999999,2.988,11.295000000000002,9.424999999999999,2.988,11.295000000000002,9.075,2.988
227,10.645,9.075,2.988,10.645,9.424999999999999,2.988,10.295000000000002,9.424999999999999,2.988,10.295000000000002,9.075,2.988
228,9.645,9.075,2.988,9.645,9.424999999999999,2.988,9.295000000000002,9.424999999999999,2.988,9.295000000000002,9.075,2.988
229,8.645,9.075,2.988,8.645,9.424999999999999,2.988,8.295000000000002,9.424999999999999,2.988,8.295000000000002,9.075,2.988
230,7.6450000000000005,9.075,2.988,7.6450000000000005,9.424999999999999,2.988,7.295000000000001,9.424999999999999,2.988,7.295000000000001,9.075,2.988
231,6.6450000000000005,9.075,2.988,6.6450000000000005,9.424999999999999,2.988,6.295000000000001,9.424999999999999,2.988,6.295000000000001,9.075,2.988
232,5.6450000000000005,9.075,2.988,5.6450000000000005,9.424999999999999,2.988,5.294999999999999,9.424999999999999,2.988,5.294999999999999,9.075,2.988
233,4.6450000000000005,9.075,2.988,4.6450000000000005,9.424999999999999,2.988,4.294999999999999,9.424999999999999,2.988,4.294999999999999,9.075,2.988
234,3.6450000000000005,9.075,2.988,3.6450000000000005,9.424999999999999,2.988,3.294999999999999,9.424999999999999,2.988,3.294999999999999,9.075,2.988
235,2.6450000000000005,9.075,2.988,2.6450000000000005,9.424999999999999,2.988,2.294999999999999,9.424999999999999,2.988,2.294999999999999,9.075,2.988
236,1.6450000000000005,9.075,2.988,1.6450000000000005,9.424999999999999,2.988,1.294999999999999,9.424999999999999,2.988,1.294999999999999,9.075,2.988
237,0.6450000000000005,9.075,2.988,0.6450000000000005,9.424999999999999,2.988,0.29499999999999904,9.424999999999999,2.988,0.29499999999999904,9.075,2.988
238,-0.35499999999999954,9.075,2.988,-0.35499999999999954,9.424999999999999,2.988,-0.705000000000001,9.424999999999999,2.988,-0.705000000000001,9.075,2.988
239,-1.3549999999999995,9.075,2.988,-1.3549999999999995,9.424999999999999,2.988,-1.705000000000001,9.424999999999999,2.988,-1.705000000000001,9.075,2.988
240,21.645,10.075,2.988,21.645,10.424999999999999,2.988,21.295,10.424999999999999,2.988,21.295,10.075,2.988
241,20.645,10.075,2.988,20.645,10.424999999999999,2.988,20.295,10.424999999999999,2.988,20.295,10.075,2.988
242,19.645,10.075,2.988,19.645,10.424999999999999,2.988,19.295,10.424999999999999,2.988,19.295,10.075,2.988
243,18.645,10.075,2.988,18.645,10.424999999999999,2.988,18.295,10.424999999999999,2.988,18.295,10.075,2.988
244,17.645,10.075,2.988,17.645,10.424999999999999,2.988,17.295,10.424999999999999,2.988,17.295,10.075,2.988
245,16.645,10.075,2.988,16.645,10.424999999999999,2.988,16.295,10.424999999999999,2.988,16.295,10.075,2.988
246,15.645,10.075,2.988,15.645,10.424999999999999,2.988,15.295000000000002,10.424999999999999,2.988,15.295000000000002,10.075,2.988
247,14.645,10.075,2.988,14.645,10.424999999999999,2.988,14.295000000000002,10.424999999999999,2.988,14.295000000000002,10.075,2.988
248,13.645,10.075,2.988,13.645,10.424999999999999,2.988,13.295000000000002,10.424999999999999,2.988,13.295000000000002,10.075,2.988
249,12.645,10.075,2.988,12.645,10.424999999999999,2.988,12.295000000000002,10.424999999999999,2.988,12.295000000000002,10.075,2.988
250,11.645,10.075,2.988,11.645,10.424999999999999,2.988,11.295000000000002,10.424999999999999,2.988,11.295000000000002,10.075,2.988
251,10.645,10.075,2.988,10.645,10.424999999999999,2.988,10.295000000000002,10.424999999999999,2.988,10.295000000000002,10.075,2.988
252,9.645,10.075,2.988,9.645,10.424999999999999,2.988,9.295000000000002,10.424999999999999,2.988,9.295000000000002,10.075,2.988
253,8.645,10.075,2.988,8.645,10.424999999999999,2.988,8.295000000000002,10.424999999999999,2.988,8.295000000000002,10.075,2.988
254,7.6450000000000005,10.075,2.988,7.6450000000000005,10.424999999999999,2.988,7.295000000000001,10.424999999999999,2.988,7.295000000000001,10.075,2.988
255,6.6450000000000005,10.075,2.988,6.6450000000000005,10.424999999999999,2.988,6.295000000000001,10.424999999999999,2.988,6.295000000000001,10.075,2.988
256,5.6450000000000005,10.075,2.988,5.6450000000000005,10.424999999999999,2.988,5.294999999999999,10.424999999999999,2.988,5.294999999999999,10.075,2.988
257,4.6450000000000005,10.075,2.988,4.6450000000000005,10.424999999999999,2.988,4.294999999999999,10.424999999999999,2.988,4.294999999999999,10.075,2.988
258,3.6450000000000005,10.075,2.988,3.6450000000000005,10.424999999999999,2.988,3.294999999999999,10.424999999999999,2.988,3.294999999999999,10.075,2.988
259,2.6450000000000005,10.075,2.988,2.6450000000000005,10.424999999999999,2.988,2.294999999999999,10.424999999999999,2.988,2.294999999999999,10.075,2.988
260,1.6450000000000005,10.075,2.988,1.6450000000000005,10.424999999999999,2.988,1.294999999999999,10.424999999999999,2.988,1.294999999999999,10.075,2.988
261,0.6450000000000005,10.075,2.988,0.6450000000000005,10.424999999999999,2.988,0.29499999999999904,10.424999999999999,2.988,0.29499999999999904,10.075,2.988
262,-0.35499999999999954,10.075,2.988,-0.35499999999999954,10.424999999999999,2.988,-0.705000000000001,10.424999999999999,2.988,-0.705000000000001,10.075,2.988
263,-1.3549999999999995,10.075,2.988,-1.3549999999999995,10.424999999999999,2.988,-1.705000000000001,10.424999999999999,2.988,-1.705000000000001,10.075,2.988
264,21.645,11.075,2.988,21.645,11.424999999999999,2.988,21.295,11.424999999999999,2.988,21.295,11.075,2.988
265,20.645,11.075,2.988,20.645,11.424999999999999,2.988,20.295,11.424999999999999,2.988,20.295,11.075,2.988
266,19.645,11.075,2.988,19.645,11.424999999999999,2.988,19.295,11.424999999999999,2.988,19.295,11.075,2.988
267,18.645,11.075,2.988,18.645,11.424999999999999,2.988,18.295,11.424999999999999,2.988,18.295,11.075,2.988
268,17.645,11.075,2.988,17.645,11.424999999999999,2.988,17.295,11.424999999999999,2.988,17.295,11.075,2.988
269,16.645,11.075,2.988,16.645,11.424999999999999,2.988,16.295,11.424999999999999,2.988,16.295,11.075,2.988
270,15.645,11.075,2.988,15.645,11.424999999999999,2.988,15.295000000000002,11.424999999999999,2.988,15.295000000000002,11.075,2.988
271,14.645,11.075,2.988,14.645,11.424999999999999,2.988,14.295000000000002,11.424999999999999,2.988,14.295000000000002,11.075,2.988
272,13.645,11.075,2.988,13.645,11.424999999999999,2.988,13.295000000000002,11.424999999999999,2.988,13.295000000000002,11.075,2.988
273,12.645,11.075,2.988,12.645,11.424999999999999,2.988,12.295000000000002,11.424999999999999,2.988,12.295000000000002,11.075,2.988
274,11.645,11.075,2.988,11.645,11.424999999999999,2.988,11.295000000000002,11.424999999999999,2.988,11.295000000000002,11.075,2.988
275,10.645,11.075,2.988,10.645,11.424999999999999,2.988,10.295000000000002,11.424999999999999,2.988,10.295000000000002,11.075,2.988
276,9.645,11.075,2.988,9.645,11.424999999999999,2.988,9.295000000000002,11.424999999999999,2.988,9.295000000000002,11.075,2.988
277,8.645,11.075,2.988,8.645,11.424999999999999,2.988,8.295000000000002,11.424999999999999,2.988,8.295000000000002,11.075,2.988
278,7.6450000000000005,11.075,2.988,7.6450000000000005,11.424999999999999,2.988,7.295000000000001,11.424999999999999,2.988,7.295000000000001,11.075,2.988
279,6.6450000000000005,11.075,2.988,6.6450000000000005,11.424999999999999,2.988,6.295000000000001,11.424999999999999,2.988,6.295000000000001,11.075,2.988
280,5.6450000000000005,11.075,2.988,5.6450000000000005,11.424999999999999,2.988,5.294999999999999,11.424999999999999,2.988,5.294999999999999,11.075,2.988
281,4.6450000000000005,11.075,2.988,4.6450000000000005,11.424999999999999,2.988,4.294999999999999,11.424999999999999,2.988,4.294999999999999,11.075,2.988
282,3.6450000000000005,11.075,2.988,3.6450000000000005,11.424999999999999,2.988,3.294999999999999,11.424999999999999,2.988,3.294999999999999,11.075,2.988
283,2.6450000000000005,11.075,2.988,2.6450000000000005,11.424999999999999,2.988,2.294999999999999,11.424999999999999,2.988,2.294999999999999,11.075,2.988
284,1.6450000000000005,11.075,2.988,1.6450000000000005,11.424999999999999,2.988,1.294999999999999,11.424999999999999,2.988,1.294999999999999,11.075,2.988
285,0.6450000000000005,11.075,2.988,0.6450000000000005,11.424999999999999,2.988,0.29499999999999904,11.424999999999999,2.988,0.29499999999999904,11.075,2.988
286,-0.35499999999999954,11.075,2.988,-0.35499999999999954,11.424999999999999,2.988,-0.705000000000001,11.424999999999999,2.988,-0.705000000000001,11.075,2.988
287,-1.3549999999999995,11.075,2.988,-1.3549999999999995,11.424999999999999,2.988,-1.705000000000001,11.424999999999999,2.988,-1.705000000000001,11.075,2.988
288,21.645,12.075,2.988,21.645,12.424999999999999,2.988,21.295,12.424999999999999,2.988,21.295,12.075,2.988
289,20.645,12.075,2.988,20.645,12.424999999999999,2.988,20.295,12.424999999999999,2.988,20.295,12.075,2.988
290,19.645,12.075,2.988,19.645,12.424999999999999,2.988,19.295,12.424999999999999,2.988,19.295,12.075,2.988
291,18.645,12.075,2.988,18.645,12.424999999999999,2.988,18.295,12.424999999999999,2.988,18.295,12.075,2.988
292,17.645,12.075,2.988,17.645,12.424999999999999,2.988,17.295,12.424999999999999,2.988,17.295,12.075,2.988
293,16.645,12.075,2.988,16.645,12.424999999999999,2.988,16.295,12.424999999999999,2.988,16.295,12.075,2.988
294,15.645,12.075,2.988,15.645,12.424999999999999,2.988,15.295000000000002,12.424999999999999,2.988,15.295000000000002,12.075,2.988
295,14.645,12.075,2.988,14.645,12.424999999999999,2.988,14.295000000000002,12.424999999999999,2.988,14.295000000000002,12.075,2.988
296,13.645,12.075,2.988,13.645,12.424999999999999,2.988,13.295000000000002,12.424999999999999,2.988,13.295000000000002,12.075,2.988
297,12.645,12.075,2.988,12.645,12.424999999999999,2.988,12.295000000000002,12.424999999999999,2.988,12.295000000000002,12.075,2.988
298,11.645,12.075,2.988,11.645,12.424999999999999,2.988,11.295000000000002,12.424999999999999,2.988,11.295000000000002,12.075,2.988
299,10.645,12.075,2.988,10.645,12.424999999999999,2.988,10.295000000000002,12.424999999999999,2.988,10.295000000000002,12.075,2.988
300,9.645,12.075,2.988,9.645,12.424999999999999,2.988,9.295000000000002,12.424999999999999,2.988,9.295000000000002,12.075,2.988
301,8.645,12.075,2.988,8.645,12.424999999999999,2.988,8.295000000000002,12.424999999999999,2.988,8.295000000000002,12.075,2.988
302,7.6450000000000005,12.075,2.988,7.6450000000000005,12.424999999999999,2.988,7.295000000000001,12.424999999999999,2.988,7.295000000000001,12.075,2.988
303,6.6450000000000005,12.075,2.988,6.6450000000000005,12.424999999999999,2.988,6.295000000000001,12.424999999999999,2.988,6.295000000000001,12.075,2.988
304,5.6450000000000005,12.075,2.988,5.6450000000000005,12.424999999999999,2.988,5.294999999999999,12.424999999999999,2.988,5.294999999999999,12.075,2.988
305,4.6450000000000005,12.075,2.988,4.6450000000000005,12.424999999999999,2.988,4.294999999999999,12.424999999999999,2.988,4.294999999999999,12.075,2.988
306,3.6450000000000005,12.075,2.988,3.6450000000000005,12.424999999999999,2.988,3.294999999999999,12.424999999999999,2.988,3.294999999999999,12.075,2.988
307,2.6450000000000005,12.075,2.988,2.6450000000000005,12.424999999999999,2.988,2.294999999999999,12.424999999999999,2.988,2.294999999999999,12.075,2.988
308,1.6450000000000005,12.075,2.988,1.6450000000000005,12.424999999999999,2.988,1.294999999999999,12.424999999999999,2.988,1.294999999999999,12.075,2.988
309,0.6450000000000005,12.075,2.988,0.6450000000000005,12.424999999999999,2.988,0.29499999999999904,12.424999999999999,2.988,0.29499999999999904,12.075,2.988
310,-0.35499999999999954,12.075,2.988,-0.35499999999999954,12.424999999999999,2.988,-0.705000000000001,12.424999999999999,2.988,-0.705000000000001,12.075,2.988
311,-1.3549999999999995,12.075,2.988,-1.3549999999999995,12.424999999999999,2.988,-1.705000000000001,12.424999999999999,2.988,-1.705000000000001,12.075,2.988
312,21.645,13.075,2.9879999999999995,21.645,13.424999999999999,2.9879999999999995,21.295,13.424999999999999,2.9879999999999995,21.295,13.075,2.9879999999999995
313,20.645,13.075,2.9879999999999995,20.645,13.424999999999999,2.9879999999999995,20.295,13.424999999999999,2.9879999999999995,20.295,13.075,2.9879999999999995
314,19.645,13.075,2.9879999999999995,19.645,13.424999999999999,2.9879999999999995,19.295,13.424999999999999,2.9879999999999995,19.295,13.075,2.9879999999999995
315,18.645,13.075,2.9879999999999995,18.645,13.424999999999999,2.9879999999999995,18.295,13.424999999999999,2.9879999999999995,18.295,13.075,2.9879999999999995
316,17.645,13.075,2.9879999999999995,17.645,13.424999999999999,2.9879999999999995,17.295,13.424999999999999,2.9879999999999995,17.295,13.075,2.9879999999999995
317,16.645,13.075,2.9879999999999995,16.645,13.424999999999999,2.9879999999999995,16.295,13.424999999999999,2.9879999999999995,16.295,13.075,2.9879999999999995
318,15.645,13.075,2.9879999999999995,15.645,13.424999999999999,2.9879999999999995,15.295000000000002,13.424999999999999,2.9879999999999995,15.295000000000002,13.075,2.9879999999999995
319,14.645,13.075,2.9879999999999995,14.645,13.424999999999999,2.9879999999999995,14.295000000000002,13.424999999999999,2.9879999999999995,14.295000000000002,13.075,2.9879999999999995
320,13.645,13.075,2.9879999999999995,13.645,13.424999999999999,2.9879999999999995,13.295000000000002,13.424999999999999,2.9879999999999995,13.295000000000002,13.075,2.9879999999999995
321,12.645,13.075,2.9879999999999995,12.645,13.424999999999999,2.9879999999999995,12.295000000000002,13.424999999999999,2.9879999999999995,12.295000000000002,13.075,2.9879999999999995
322,11.645,13.075,2.9879999999999995,11.645,13.424999999999999,2.9879999999999995,11.295000000000002,13.424999999999999,2.9879999999999995,11.295000000000002,13.075,2.9879999999999995
323,10.645,13.075,2.9879999999999995,10.645,13.424999999999999,2.9879999999999995,10.295000000000002,13.424999999999999,2.9879999999999995,10.295000000000002,13.075,2.9879999999999995
324,9.645,13.075,2.9879999999999995,9.645,13.424999999999999,2.9879999999999995,9.295000000000002,13.424999999999999,2.9879999999999995,9.295000000000002,13.075,2.9879999999999995
325,8.645,13.075,2.9879999999999995,8.645,13.424999999999999,2.9879999999999995,8.295000000000002,13.424999999999999,2.9879999999999995,8.295000000000002,13.075,2.9879999999999995
326,7.6450000000000005,13.075,2.9879999999999995,7.6450000000000005,13.424999999999999,2.9879999999999995,7.295000000000001,13.424999999999999,2.9879999999999995,7.295000000000001,13.075,2.9879999999999995
327,6.6450000000000005,13.075,2.9879999999999995,6.6450000000000005,13.424999999999999,2.9879999999999995,6.295000000000001,13.424999999999999,2.9879999999999995,6.295000000000001,13.075,2.9879999999999995
328,5.6450000000000005,13.075,2.9879999999999995,5.6450000000000005,13.424999999999999,2.9879999999999995,5.294999999999999,13.424999999999999,2.9879999999999995,5.294999999999999,13.075,2.9879999999999995
329,4.6450000000000005,13.075,2.9879999999999995,4.6450000000000005,13.424999999999999,2.9879999999999995,4.294999999999999,13.424999999999999,2.9879999999999995,4.294999999999999,13.075,2.9879999999999995
330,3.6450000000000005,13.075,2.9879999999999995,3.6450000000000005,13.424999999999999,2.9879999999999995,3.294999999999999,13.424999999999999,2.9879999999999995,3.294999999999999,13.075,2.9879999999999995
331,2.6450000000000005,13.075,2.9879999999999995,2.6450000000000005,13.424999999999999,2.9879999999999995,2.294999999999999,13.424999999999999,2.9879999999999995,2.294999999999999,13.075,2.9879999999999995
332,1.6450000000000005,13.075,2.9879999999999995,1.6450000000000005,13.424999999999999,2.9879999999999995,1.294999999999999,13.424999999999999,2.9879999999999995,1.294999999999999,13.075,2.9879999999999995
333,0.6450000000000005,13.075,2.9879999999999995,0.6450000000000005,13.424999999999999,2.9879999999999995,0.29499999999999904,13.424999999999999,2.9879999999999995,0.29499999999999904,13.075,2.9879999999999995
334,-0.35499999999999954,13.075,2.9879999999999995,-0.35499999999999954,13.424999999999999,2.9879999999999995,-0.705000000000001,13.424999999999999,2.9879999999999995,-0.705000000000001,13.075,2.9879999999999995
335,-1.3549999999999995,13.075,2.9879999999999995,-1.3549999999999995,13.424999999999999,2.9879999999999995,-1.705000000000001,13.424999999999999,2.9879999999999995,-1.705000000000001,13.075,2.9879999999999995
336,21.645,14.075,2.9879999999999995,21.645,14.424999999999999,2.9879999999999995,21.295,14.424999999999999,2.9879999999999995,21.295,14.075,2.9879999999999995
337,20.645,14.075,2.9879999999999995,20.645,14.424999999999999,2.9879999999999995,20.295,14.424999999999999,2.9879999999999995,20.295,14.075,2.9879999999999995
338,19.645,14.075,2.9879999999999995,19.645,14.424999999999999,2.9879999999999995,19.295,14.424999999999999,2.9879999999999995,19.295,14.075,2.9879999999999995
339,18.645,14.075,2.9879999999999995,18.645,14.424999999999999,2.9879999999999995,18.295,14.424999999999999,2.9879999999999995,18.295,14.075,2.9879999999999995
340,17.645,14.075,2.9879999999999995,17.645,14.424999999999999,2.9879999999999995,17.295,14.424999999999999,2.9879999999999995,17.295,14.075,2.9879999999999995
341,16.645,14.075,2.9879999999999995,16.645,14.424999999999999,2.9879999999999995,16.295,14.424999999999999,2.9879999999999995,16.295,14.075,2.9879999999999995
342,15.645,14.075,2.9879999999999995,15.645,14.424999999999999,2.9879999999999995,15.295000000000002,14.424999999999999,2.9879999999999995,15.295000000000002,14.075,2.9879999999999995
343,14.645,14.075,2.9879999999999995,14.645,14.424999999999999,2.9879999999999995,14.295000000000002,14.424999999999999,2.9879999999999995,14.295000000000002,14.075,2.9879999999999995
344,13.645,14.075,2.9879999999999995,13.645,14.424999999999999,2.9879999999999995,13.295000000000002,14.424999999999999,2.9879999999999995,13.295000000000002,14.075,2.9879999999999995
345,12.645,14.075,2.9879999999999995,12.645,14.424999999999999,2.9879999999999995,12.295000000000002,14.424999999999999,2.9879999999999995,12.295000000000002,14.075,2.9879999999999995
346,11.645,14.075,2.9879999999999995,11.645,14.424999999999999,2.9879999999999995,11.295000000000002,14.424999999999999,2.9879999999999995,11.295000000000002,14.075,2.9879999999999995
347,10.645,14.075,2.9879999999999995,10.645,14.424999999999999,2.9879999999999995,10.295000000000002,14.424999999999999,2.9879999999999995,10.295000000000002,14.075,2.9879999999999995
348,9.645,14.075,2.9879999999999995,9.645,14.424999999999999,2.9879999999999995,9.295000000000002,14.424999999999999,2.9879999999999995,9.295000000000002,14.075,2.9879999999999995
349,8.645,14.075,2.9879999999999995,8.645,14.424999999999999,2.9879999999999995,8.295000000000002,14.424999999999999,2.9879999999999995,8.295000000000002,14.075,2.9879999999999995
350,7.6450000000000005,14.075,2.9879999999999995,7.6450000000000005,14.424999999999999,2.9879999999999995,7.295000000000001,14.424999999999999,2.9879999999999995,7.295000000000001,14.075,2.9879999999999995
351,6.6450000000000005,14.075,2.9879999999999995,6.6450000000000005,14.424999999999999,2.9879999999999995,6.295000000000001,14.424999999999999,2.9879999999999995,6.295000000000001,14.075,2.9879999999999995
352,5.6450000000000005,14.075,2.9879999999999995,5.6450000000000005,14.424999999999999,2.9879999999999995,5.294999999999999,14.424999999999999,2.9879999999999995,5.294999999999999,14.075,2.9879999999999995
353,4.6450000000000005,14.075,2.9879999999999995,4.6450000000000005,14.424999999999999,2.9879999999999995,4.294999999999999,14.424999999999999,2.9879999999999995,4.294999999999999,14.075,2.9879999999999995
354,3.6450000000000005,14.075,2.9879999999999995,3.6450000000000005,14.424999999999999,2.9879999999999995,3.294999999999999,14.424999999999999,2.9879999999999995,3.294999999999999,14.075,2.9879999999999995
355,2.6450000000000005,14.075,2.9879999999999995,2.6450000000000005,14.424999999999999,2.9879999999999995,2.294999999999999,14.424999999999999,2.9879999999999995,2.294999999999999,14.075,2.9879999999999995
356,1.6450000000000005,14.075,2.9879999999999995,1.6450000000000005,14.424999999999999,2.9879999999999995,1.294999999999999,14.424999999999999,2.9879999999999995,1.294999999999999,14.075,2.9879999999999995
357,0.6450000000000005,14.075,2.9879999999999995,0.6450000000000005,14.424999999999999,2.9879999999999995,0.29499999999999904,14.424999999999999,2.9879999999999995,0.29499999999999904,14.075,2.9879999999999995
358,-0.35499999999999954,14.075,2.9879999999999995,-0.35499999999999954,14.424999999999999,2.9879999999999995,-0.705000000000001,14.424999999999999,2.9879999999999995,-0.705000000000001,14.075,2.9879999999999995
359,-1.3549999999999995,14.075,2.9879999999999995,-1.3549999999999995,14.424999999999999,2.9879999999999995,-1.705000000000001,14.424999999999999,2.9879999999999995,-1.705000000000001,14.075,2.9879999999999995
360,21.645,15.075,2.9879999999999995,21.645,15.424999999999999,2.9879999999999995,21.295,15.424999999999999,2.9879999999999995,21.295,15.075,2.9879999999999995
361,20.645,15.075,2.9879999999999995,20.645,15.424999999999999,2.9879999999999995,20.295,15.424999999999999,2.9879999999999995,20.295,15.075,2.9879999999999995
362,19.645,15.075,2.9879999999999995,19.645,15.424999999999999,2.9879999999999995,19.295,15.424999999999999,2.9879999999999995,19.295,15.075,2.9879999999999995
363,18.645,15.075,2.9879999999999995,18.645,15.424999999999999,2.9879999999999995,18.295,15.424999999999999,2.9879999999999995,18.295,15.075,2.9879999999999995
364,17.645,15.075,2.9879999999999995,17.645,15.424999999999999,2.9879999999999995,17.295,15.424999999999999,2.9879999999999995,17.295,15.075,2.9879999999999995
365,16.645,15.075,2.9879999999999995,16.645,15.424999999999999,2.9879999999999995,16.295,15.424999999999999,2.9879999999999995,16.295,15.075,2.9879999999999995
366,15.645,15.075,2.9879999999999995,15.645,15.424999999999999,2.9879999999999995,15.295000000000002,15.424999999999999,2.9879999999999995,15.295000000000002,15.075,2.9879999999999995
367,14.645,15.075,2.9879999999999995,14.645,15.424999999999999,2.9879999999999995,14.295000000000002,15.424999999999999,2.9879999999999995,14.295000000000002,15.075,2.9879999999999995
368,13.645,15.075,2.9879999999999995,13.645,15.424999999999999,2.9879999999999995,13.295000000000002,15.424999999999999,2.9879999999999995,13.295000000000002,15.075,2.9879999999999995
369,12.645,15.075,2.9879999999999995,12.645,15.424999999999999,2.9879999999999995,12.295000000000002,15.424999999999999,2.9879999999999995,12.295000000000002,15.075,2.9879999999999995
370,11.645,15.075,2.9879999999999995,11.645,15.424999999999999,2.9879999999999995,11.295000000000002,15.424999999999999,2.9879999999999995,11.295000000000002,15.075,2.9879999999999995
371,10.645,15.075,2.9879999999999995,10.645,15.424999999999999,2.9879999999999995,10.295000000000002,15.424999999999999,2.9879999999999995,10.295000000000002,15.075,2.9879999999999995
372,9.645,15.075,2.9879999999999995,9.645,15.424999999999999,2.9879999999999995,9.295000000000002,15.424999999999999,2.9879999999999995,9.295000000000002,15.075,2.9879999999999995
373,8.645,15.075,2.9879999999999995,8.645,15.424999999999999,2.9879999999999995,8.295000000000002,15.424999999999999,2.9879999999999995,8.295000000000002,15.075,2.9879999999999995
374,7.6450000000000005,15.075,2.9879999999999995,7.6450000000000005,15.424999999999999,2.9879999999999995,7.295000000000001,15.424999999999999,2.9879999999999995,7.295000000000001,15.075,2.9879999999999995
375,6.6450000000000005,15.075,2.9879999999999995,6.6450000000000005,15.424999999999999,2.9879999999999995,6.295000000000001,15.424999999999999,2.9879999999999995,6.295000000000001,15.075,2.9879999999999995
376,5.6450000000000005,15.075,2.9879999999999995,5.6450000000000005,15.424999999999999,2.9879999999999995,5.294999999999999,15.424999999999999,2.9879999999999995,5.294999999999999,15.075,2.9879999999999995
377,4.6450000000000005,15.075,2.9879999999999995,4.6450000000000005,15.424999999999999,2.9879999999999995,4.294999999999999,15.424999999999999,2.9879999999999995,4.294999999999999,15.075,2.9879999999999995
378,3.6450000000000005,15.075,2.9879999999999995,3.6450000000000005,15.424999999999999,2.9879999999999995,3.294999999999999,15.424999999999999,2.9879999999999995,3.294999999999999,15.075,2.9879999999999995
379,2.6450000000000005,15.075,2.9879999999999995,2.6450000000000005,15.424999999999999,2.9879999999999995,2.294999999999999,15.424999999999999,2.9879999999999995,2.294999999999999,15.075,2.9879999999999995
380,1.6450000000000005,15.075,2.9879999999999995,1.6450000000000005,15.424999999999999,2.9879999999999995,1.294999999999999,15.424999999999999,2.9879999999999995,1.294999999999999,15.075,2.9879999999999995
381,0.6450000000000005,15.075,2.9879999999999995,0.6450000000000005,15.424999999999999,2.9879999999999995,0.29499999999999904,15.424999999999999,2.9879999999999995,0.29499999999999904,15.075,2.9879999999999995
382,-0.35499999999999954,15.075,2.9879999999999995,-0.35499999999999954,15.424999999999999,2.9879999999999995,-0.705000000000001,15.424999999999999,2.9879999999999995,-0.705000000000001,15.075,2.9879999999999995
383,-1.3549999999999995,15.075,2.9879999999999995,-1.3549999999999995,15.424999999999999,2.9879999999999995,-1.705000000000001,15.424999999999999,2.9879999999999995,-1.705000000000001,15.075,2.9879999999999995
384,21.645,16.075,2.9879999999999995,21.645,16.425,2.987999999999999,21.295,16.425,2.987999999999999,21.295,16.075,2.9879999999999995
385,20.645,16.075,2.9879999999999995,20.645,16.425,2.987999999999999,20.295,16.425,2.987999999999999,20.295,16.075,2.9879999999999995
386,19.645,16.075,2.9879999999999995,19.645,16.425,2.987999999999999,19.295,16.425,2.987999999999999,19.295,16.075,2.9879999999999995
387,18.645,16.075,2.9879999999999995,18.645,16.425,2.987999999999999,18.295,16.425,2.987999999999999,18.295,16.075,2.9879999999999995
388,17.645,16.075,2.9879999999999995,17.645,16.425,2.987999999999999,17.295,16.425,2.987999999999999,17.295,16.075,2.9879999999999995
389,16.645,16.075,2.9879999999999995,16.645,16.425,2.987999999999999,16.295,16.425,2.987999999999999,16.295,16.075,2.9879999999999995
390,15.645,16.075,2.9879999999999995,15.645,16.425,2.987999999999999,15.295000000000002,16.425,2.987999999999999,15.295000000000002,16.075,2.9879999999999995
391,14.645,16.075,2.9879999999999995,14.645,16.425,2.987999999999999,14.295000000000002,16.425,2.987999999999999,14.295000000000002,16.075,2.9879999999999995
392,13.645,16.075,2.9879999999999995,13.645,16.425,2.987999999999999,13.295000000000002,16.425,2.987999999999999,13.295000000000002,16.075,2.9879999999999995
393,12.645,16.075,2.9879999999999995,12.645,16.425,2.987999999999999,12.295000000000002,16.425,2.987999999999999,12.295000000000002,16.075,2.9879999999999995
394,11.645,16.075,2.9879999999999995,11.645,16.425,2.987999999999999,11.295000000000002,16.425,2.987999999999999,11.295000000000002,16.075,2.9879999999999995
395,10.645,16.075,2.9879999999999995,10.645,16.425,2.987999999999999,10.295000000000002,16.425,2.987999999999999,10.295000000000002,16.075,2.9879999999999995
396,9.645,16.075,2.9879999999999995,9.645,16.425,2.987999999999999,9.295000000000002,16.425,2.987999999999999,9.295000000000002,16.075,2.9879999999999995
397,8.645,16.075,2.9879999999999995,8.645,16.425,2.987999999999999,8.295000000000002,16.425,2.987999999999999,8.295000000000002,16.075,2.9879999999999995
398,7.6450000000000005,16.075,2.9879999999999995,7.6450000000000005,16.425,2.987999999999999,7.295000000000001,16.425,2.987999999999999,7.295000000000001,16.075,2.9879999999999995
399,6.6450000000000005,16.075,2.9879999999999995,6.6450000000000005,16.425,2.987999999999999,6.295000000000001,16.425,2.987999999999999,6.295000000000001,16.075,2.9879999999999995
400,5.6450000000000005,16.075,2.9879999999999995,5.6450000000000005,16.425,2.987999999999999,5.294999999999999,16.425,2.987999999999999,5.294999999999999,16.075,2.9879999999999995
401,4.6450000000000005,16.075,2.9879999999999995,4.6450000000000005,16.425,2.987999999999999,4.294999999999999,16.425,2.987999999999999,4.294999999999999,16.075,2.9879999999999995
402,3.6450000000000005,16.075,2.9879999999999995,3.6450000000000005,16.425,2.987999999999999,3.294999999999999,16.425,2.987999999999999,3.294999999999999,16.075,2.9879999999999995
403,2.6450000000000005,16.075,2.9879999999999995,2.6450000000000005,16.425,2.987999999999999,2.294999999999999,16.425,2.987999999999999,2.294999999999999,16.075,2.9879999999999995
404,1.6450000000000005,16.075,2.9879999999999995,1.6450000000000005,16.425,2.987999999999999,1.294999999999999,16.425,2.987999999999999,1.294999999999999,16.075,2.9879999999999995
405,0.6450000000000005,16.075,2.9879999999999995,0.6450000000000005,16.425,2.987999999999999,0.29499999999999904,16.425,2.987999999999999,0.29499999999999904,16.075,2.9879999999999995
406,-0.35499999999999954,16.075,2.9879999999999995,-0.35499999999999954,16.425,2.987999999999999,-0.705000000000001,16.425,2.987999999999999,-0.705000000000001,16.075,2.9879999999999995
407,-1.3549999999999995,16.075,2.9879999999999995,-1.3549999999999995,16.425,2.987999999999999,-1.705000000000001,16.425,2.987999999999999,-1.705000000000001,16.075,2.9879999999999995
408,21.645,17.075,2.987999999999999,21.645,17.425,2.987999999999999,21.295,17.425,2.987999999999999,21.295,17.075,2.987999999999999
409,20.645,17.075,2.987999999999999,20.645,17.425,2.987999999999999,20.295,17.425,2.987999999999999,20.295,17.075,2.987999999999999
410,19.645,17.075,2.987999999999999,19.645,17.425,2.987999999999999,19.295,17.425,2.987999999999999,19.295,17.075,2.987999999999999
411,18.645,17.075,2.987999999999999,18.645,17.425,2.987999999999999,18.295,17.425,2.987999999999999,18.295,17.075,2.987999999999999
412,17.645,17.075,2.987999999999999,17.645,17.425,2.987999999999999,17.295,17.425,2.987999999999999,17.295,17.075,2.987999999999999
413,16.645,17.075,2.987999999999999,16.645,17.425,2.987999999999999,16.295,17.425,2.987999999999999,16.295,17.075,2.987999999999999
414,15.645,17.075,2.987999999999999,15.645,17.425,2.987999999999999,15.295000000000002,17.425,2.987999999999999,15.295000000000002,17.075,2.987999999999999
415,14.645,17.075,2.987999999999999,14.645,17.425,2.987999999999999,14.295000000000002,17.425,2.987999999999999,14.295000000000002,17.075,2.987999999999999
416,13.645,17.075,2.987999999999999,13.645,17.425,2.987999999999999,13.295000000000002,17.425,2.987999999999999,13.295000000000002,17.075,2.987999999999999
417,12.645,17.075,2.987999999999999,12.645,17.425,2.987999999999999,12.295000000000002,17.425,2.987999999999999,12.295000000000002,17.075,2.987999999999999
418,11.645,17.075,2.987999999999999,11.645,17.425,2.987999999999999,11.295000000000002,17.425,2.987999999999999,11.295000000000002,17.075,2.987999999999999
419,10.645,17.075,2.987999999999999,10.645,17.425,2.987999999999999,10.295000000000002,17.425,2.987999999999999,10.295000000000002,17.075,2.987999999999999
420,9.645,17.075,2.987999999999999,9.645,17.425,2.987999999999999,9.295000000000002,17.425,2.987999999999999,9.295000000000002,17.075,2.987999999999999
421,8.645,17.075,2.987999999999999,8.645,17.425,2.987999999999999,8.295000000000002,17.425,2.987999999999999,8.295000000000002,17.075,2.987999999999999
422,7.6450000000000005,17.075,2.987999999999999,7.6450000000000005,17.425,2.987999999999999,7.295000000000001,17.425,2.987999999999999,7.295000000000001,17.075,2.987999999999999
423,6.6450000000000005,17.075,2.987999999999999,6.6450000000000005,17.425,2.987999999999999,6.295000000000001,17.425,2.987999999999999,6.295000000000001,17.075,2.987999999999999
424,5.6450000000000005,17.075,2.987999999999999,5.6450000000000005,17.425,2.987999999999999,5.294999999999999,17.425,2.987999999999999,5.294999999999999,17.075,2.987999999999999
425,4.6450000000000005,17.075,2.987999999999999,4.6450000000000005,17.425,2.987999999999999,4.294999999999999,17.425,2.987999999999999,4.294999999999999,17.075,2.987999999999999
426,3.6450000000000005,17.075,2.987999999999999,3.6450000000000005,17.425,2.987999999999999,3.294999999999999,17.425,2.987999999999999,3.294999999999999,17.075,2.987999999999999
427,2.6450000000000005,17.075,2.987999999999999,2.6450000000000005,17.425,2.987999999999999,2.294999999999999,17.425,2.987999999999999,2.294999999999999,17.075,2.987999999999999
428,1.6450000000000005,17.075,2.987999999999999,1.6450000000000005,17.425,2.987999999999999,1.294999999999999,17.425,2.987999999999999,1.294999999999999,17.075,2.987999999999999
429,0.6450000000000005,17.075,2.987999999999999,0.6450000000000005,17.425,2.987999999999999,0.29499999999999904,17.425,2.987999999999999,0.29499999999999904,17.075,2.987999999999999
430,-0.35499999999999954,17.075,2.987999999999999,-0.35499999999999954,17.425,2.987999999999999,-0.705000000000001,17.425,2.987999999999999,-0.705000000000001,17.075,2.987999999999999
431,-1.3549999999999995,17.075,2.987999999999999,-1.3549999999999995,17.425,2.987999999999999,-1.705000000000001,17.425,2.987999999999999,-1.705000000000001,17.075,2.987999999999999
432,21.645,18.075,2.987999999999999,21.645,18.425,2.987999999999999,21.295,18.425,2.987999999999999,21.295,18.075,2.987999999999999
433,20.645,18.075,2.987999999999999,20.645,18.425,2.987999999999999,20.295,18.425,2.987999999999999,20.295,18.075,2.987999999999999
434,19.645,18.075,2.987999999999999,19.645,18.425,2.987999999999999,19.295,18.425,2.987999999999999,19.295,18.075,2.987999999999999
435,18.645,18.075,2.987999999999999,18.645,18.425,2.987999999999999,18.295,18.425,2.987999999999999,18.295,18.075,2.987999999999999
436,17.645,18.075,2.987999999999999,17.645,18.425,2.987999999999999,17.295,18.425,2.987999999999999,17.295,18.075,2.987999999999999
437,16.645,18.075,2.987999999999999,16.645,18.425,2.987999999999999,16.295,18.425,2.987999999999999,16.295,18.075,2.987999999999999
438,15.645,18.075,2.987999999999999,15.645,18.425,2.987999999999999,15.295000000000002,18.425,2.987999999999999,15.295000000000002,18.075,2.987999999999999
439,14.645,18.075,2.987999999999999,14.645,18.425,2.987999999999999,14.295000000000002,18.425,2.987999999999999,14.295000000000002,18.075,2.987999999999999
440,13.645,18.075,2.987999999999999,13.645,18.425,2.987999999999999,13.295000000000002,18.425,2.987999999999999,13.295000000000002,18.075,2.987999999999999
441,12.645,18.075,2.987999999999999,12.645,18.425,2.987999999999999,12.295000000000002,18.425,2.987999999999999,12.295000000000002,18.075,2.987999999999999
442,11.645,18.075,2.987999999999999,11.645,18.425,2.987999999999999,11.295000000000002,18.425,2.987999999999999,11.295000000000002,18.075,2.987999999999999
443,10.645,18.075,2.987999999999999,10.645,18.425,2.987999999999999,10.295000000000002,18.425,2.987999999999999,10.295000000000002,18.075,2.987999999999999
444,9.645,18.075,2.987999999999999,9.645,18.425,2.987999999999999,9.295000000000002,18.425,2.987999999999999,9.295000000000002,18.075,2.987999999999999
445,8.645,18.075,2.987999999999999,8.645,18.425,2.987999999999999,8.295000000000002,18.425,2.987999999999999,8.295000000000002,18.075,2.987999999999999
446,7.6450000000000005,18.075,2.987999999999999,7.6450000000000005,18.425,2.987999999999999,7.295000000000001,18.425,2.987999999999999,7.295000000000001,18.075,2.987999999999999
447,6.6450000000000005,18.075,2.987999999999999,6.6450000000000005,18.425,2.987999999999999,6.295000000000001,18.425,2.987999999999999,6.295000000000001,18.075,2.987999999999999
448,5.6450000000000005,18.075,2.987999999999999,5.6450000000000005,18.425,2.987999999999999,5.294999999999999,18.425,2.987999999999999,5.294999999999999,18.075,2.987999999999999
449,4.6450000000000005,18.075,2.987999999999999,4.6450000000000005,18.425,2.987999999999999,4.294999999999999,18.425,2.987999999999999,4.294999999999999,18.075,2.987999999999999
450,3.6450000000000005,18.075,2.987999999999999,3.6450000000000005,18.425,2.987999999999999,3.294999999999999,18.425,2.987999999999999,3.294999999999999,18.075,2.987999999999999
451,2.6450000000000005,18.075,2.987999999999999,2.6450000000000005,18.425,2.987999999999999,2.294999999999999,18.425,2.987999999999999,2.294999999999999,18.075,2.987999999999999
452,1.6450000000000005,18.075,2.987999999999999,1.6450000000000005,18.425,2.987999999999999,1.294999999999999,18.425,2.987999999999999,1.294999999999999,18.075,2.987999999999999
453,0.6450000000000005,18.075,2.987999999999999,0.6450000000000005,18.425,2.987999999999999,0.29499999999999904,18.425,2.987999999999999,0.29499999999999904,18.075,2.987999999999999
454,-0.35499999999999954,18.075,2.987999999999999,-0.35499999999999954,18.425,2.987999999999999,-0.705000000000001,18.425,2.987999999999999,-0.705000000000001,18.075,2.987999999999999
455,-1.3549999999999995,18.075,2.987999999999999,-1.3549999999999995,18.425,2.987999999999999,-1.705000000000001,18.425,2.987999999999999,-1.705000000000001,18.075,2.987999999999999
456,21.645,19.075,2.987999999999999,21.645,19.425,2.987999999999999,21.295,19.425,2.987999999999999,21.295,19.075,2.987999999999999
457,20.645,19.075,2.987999999999999,20.645,19.425,2.987999999999999,20.295,19.425,2.987999999999999,20.295,19.075,2.987999999999999
458,19.645,19.075,2.987999999999999,19.645,19.425,2.987999999999999,19.295,19.425,2.987999999999999,19.295,19.075,2.987999999999999
459,18.645,19.075,2.987999999999999,18.645,19.425,2.987999999999999,18.295,19.425,2.987999999999999,18.295,19.075,2.987999999999999
460,17.645,19.075,2.987999999999999,17.645,19.425,2.987999999999999,17.295,19.425,2.987999999999999,17.295,19.075,2.987999999999999
461,16.645,19.075,2.987999999999999,16.645,19.425,2.987999999999999,16.295,19.425,2.987999999999999,16.295,19.075,2.987999999999999
462,15.645,19.075,2.987999999999999,15.645,19.425,2.987999999999999,15.295000000000002,19.425,2.987999999999999,15.295000000000002,19.075,2.987999999999999
463,14.645,19.075,2.987999999999999,14.645,19.425,2.987999999999999,14.295000000000002,19.425,2.987999999999999,14.295000000000002,19.075,2.987999999999999
464,13.645,19.075,2.987999999999999,13.645,19.425,2.987999999999999,13.295000000000002,19.425,2.987999999999999,13.295000000000002,19.075,2.987999999999999
465,12.645,19.075,2.987999999999999,12.645,19.425,2.987999999999999,12.295000000000002,19.425,2.987999999999999,12.295000000000002,19.075,2.987999999999999
466,11.645,19.075,2.987999999999999,11.645,19.425,2.987999999999999,11.295000000000002,19.425,2.987999999999999,11.295000000000002,19.075,2.987999999999999
467,10.645,19.075,2.987999999999999,10.645,19.425,2.987999999999999,10.295000000000002,19.425,2.987999999999999,10.295000000000002,19.075,2.987999999999999
468,9.645,19.075,2.987999999999999,9.645,19.425,2.987999999999999,9.295000000000002,19.425,2.987999999999999,9.295000000000002,19.075,2.987999999999999
469,8.645,19.075,2.987999999999999,8.645,19.425,2.987999999999999,8.295000000000002,19.425,2.987999999999999,8.295000000000002,19.075,2.987999999999999
470,7.6450000000000005,19.075,2.987999999999999,7.6450000000000005,19.425,2.987999999999999,7.295000000000001,19.425,2.987999999999999,7.295000000000001,19.075,2.987999999999999
471,6.6450000000000005,19.075,2.987999999999999,6.6450000000000005,19.425,2.987999999999999,6.295000000000001,19.425,2.987999999999999,6.295000000000001,19.075,2.987999999999999
472,5.6450000000000005,19.075,2.987999999999999,5.6450000000000005,19.425,2.987999999999999,5.294999999999999,19.425,2.987999999999999,5.294999999999999,19.075,2.987999999999999
473,4.6450000000000005,19.075,2.987999999999999,4.6450000000000005,19.425,2.987999999999999,4.294999999999999,19.425,2.987999999999999,4.294999999999999,19.075,2.987999999999999
474,3.6450000000000005,19.075,2.987999999999999,3.6450000000000005,19.425,2.987999999999999,3.294999999999999,19.425,2.987999999999999,3.294999999999999,19.075,2.987999999999999
475,2.6450000000000005,19.075,2.987999999999999,2.6450000000000005,19.425,2.987999999999999,2.294999999999999,19.425,2.987999999999999,2.294999999999999,19.075,2.987999999999999
476,1.6450000000000005,19.075,2.987999999999999,1.6450000000000005,19.425,2.987999999999999,1.294999999999999,19.425,2.987999999999999,1.294999999999999,19.075,2.987999999999999
477,0.6450000000000005,19.075,2.987999999999999,0.6450000000000005,19.425,2.987999999999999,0.29499999999999904,19.425,2.987999999999999,0.29499999999999904,19.075,2.987999999999999
478,-0.35499999999999954,19.075,2.987999999999999,-0.35499999999999954,19.425,2.987999999999999,-0.705000000000001,19.425,2.987999999999999,-0.705000000000001,19.075,2.987999999999999
479,-1.3549999999999995,19.075,2.987999999999999,-1.3549999999999995,19.425,2.987999999999999,-1.705000000000001,19.425,2.987999999999999,-1.705000000000001,19.075,2.987999999999999
480,21.645,20.075,2.9879999999999987,21.645,20.425,2.9879999999999987,21.295,20.425,2.9879999999999987,21.295,20.075,2.9879999999999987
481,20.645,20.075,2.9879999999999987,20.645,20.425,2.9879999999999987,20.295,20.425,2.9879999999999987,20.295,20.075,2.9879999999999987
482,19.645,20.075,2.9879999999999987,19.645,20.425,2.9879999999999987,19.295,20.425,2.9879999999999987,19.295,20.075,2.9879999999999987
483,18.645,20.075,2.9879999999999987,18.645,20.425,2.9879999999999987,18.295,20.425,2.9879999999999987,18.295,20.075,2.9879999999999987
484,17.645,20.075,2.9879999999999987,17.645,20.425,2.9879999999999987,17.295,20.425,2.9879999999999987,17.295,20.075,2.9879999999999987
485,16.645,20.075,2.9879999999999987,16.645,20.425,2.9879999999999987,16.295,20.425,2.9879999999999987,16.295,20.075,2.9879999999999987
486,15.645,20.075,2.9879999999999987,15.645,20.425,2.9879999999999987,15.295000000000002,20.425,2.9879999999999987,15.295000000000002,20.075,2.9879999999999987
487,14.645,20.075,2.9879999999999987,14.645,20.425,2.9879999999999987,14.295000000000002,20.425,2.9879999999999987,14.295000000000002,20.075,2.9879999999999987
488,13.645,20.075,2.9879999999999987,13.645,20.425,2.9879999999999987,13.295000000000002,20.425,2.9879999999999987,13.295000000000002,20.075,2.9879999999999987
489,12.645,20.075,2.9879999999999987,12.645,20.425,2.9879999999999987,12.295000000000002,20.425,2.9879999999999987,12.295000000000002,20.075,2.9879999999999987
490,11.645,20.075,2.9879999999999987,11.645,20.425,2.9879999999999987,11.295000000000002,20.425,2.9879999999999987,11.295000000000002,20.075,2.9879999999999987
491,10.645,20.075,2.9879999999999987,10.645,20.425,2.9879999999999987,10.295000000000002,20.425,2.9879999999999987,10.295000000000002,20.075,2.9879999999999987
492,9.645,20.075,2.9879999999999987,9.645,20.425,2.9879999999999987,9.295000000000002,20.425,2.9879999999999987,9.295000000000002,20.075,2.9879999999999987
493,8.645,20.075,2.9879999999999987,8.645,20.425,2.9879999999999987,8.295000000000002,20.425,2.9879999999999987,8.295000000000002,20.075,2.9879999999999987
494,7.6450000000000005,20.075,2.9879999999999987,7.6450000000000005,20.425,2.9879999999999987,7.295000000000001,20.425,2.9879999999999987,7.295000000000001,20.075,2.9879999999999987
495,6.6450000000000005,20.075,2.9879999999999987,6.6450000000000005,20.425,2.9879999999999987,6.295000000000001,20.425,2.9879999999999987,6.295000000000001,20.075,2.9879999999999987
496,5.6450000000000005,20.075,2.9879999999999987,5.6450000000000005,20.425,2.9879999999999987,5.294999999999999,20.425,2.9879999999999987,5.294999999999999,20.075,2.9879999999999987
497,4.6450000000000005,20.075,2.9879999999999987,4.6450000000000005,20.425,2.9879999999999987,4.294999999999999,20.425,2.9879999999999987,4.294999999999999,20.075,2.9879999999999987
498,3.6450000000000005,20.075,2.9879999999999987,3.6450000000000005,20.425,2.9879999999999987,3.294999999999999,20.425,2.9879999999999987,3.294999999999999,20.075,2.9879999999999987
499,2.6450000000000005,20.075,2.9879999999999987,2.6450000000000005,20.425,2.9879999999999987,2.294999999999999,20.425,2.9879999999999987,2.294999999999999,20.075,2.9879999999999987
500,1.6450000000000005,20.075,2.9879999999999987,1.6450000000000005,20.425,2.9879999999999987,1.294999999999999,20.425,2.9879999999999987,1.294999999999999,20.075,2.9879999999999987
501,0.6450000000000005,20.075,2.9879999999999987,0.6450000000000005,20.425,2.9879999999999987,0.29499999999999904,20.425,2.9879999999999987,0.29499999999999904,20.075,2.9879999999999987
502,-0.35499999999999954,20.075,2.9879999999999987,-0.35499999999999954,20.425,2.9879999999999987,-0.705000000000001,20.425,2.9879999999999987,-0.705000000000001,20.075,2.9879999999999987
503,-1.3549999999999995,20.075,2.9879999999999987,-1.3549999999999995,20.425,2.9879999999999987,-1.705000000000001,20.425,2.9879999999999987,-1.705000000000001,20.075,2.9879999999999987
504,21.645,21.075,2.9879999999999987,21.645,21.425,2.9879999999999987,21.295,21.425,2.9879999999999987,21.295,21.075,2.9879999999999987
505,20.645,21.075,2.9879999999999987,20.645,21.425,2.9879999999999987,20.295,21.425,2.9879999999999987,20.295,21.075,2.9879999999999987
506,19.645,21.075,2.9879999999999987,19.645,21.425,2.9879999999999987,19.295,21.425,2.9879999999999987,19.295,21.075,2.9879999999999987
507,18.645,21.075,2.9879999999999987,18.645,21.425,2.9879999999999987,18.295,21.425,2.9879999999999987,18.295,21.075,2.9879999999999987
508,17.645,21.075,2.9879999999999987,17.645,21.425,2.9879999999999987,17.295,21.425,2.9879999999999987,17.295,21.075,2.9879999999999987
509,16.645,21.075,2.9879999999999987,16.645,21.425,2.9879999999999987,16.295,21.425,2.9879999999999987,16.295,21.075,2.9879999999999987
510,15.645,21.075,2.9879999999999987,15.645,21.425,2.9879999999999987,15.295000000000002,21.425,2.9879999999999987,15.295000000000002,21.075,2.9879999999999987
511,14.645,21.075,2.9879999999999987,14.645,21.425,2.9879999999999987,14.295000000000002,21.425,2.9879999999999987,14.295000000000002,21.075,2.9879999999999987
512,13.645,21.075,2.9879999999999987,13.645,21.425,2.9879999999999987,13.295000000000002,21.425,2.9879999999999987,13.295000000000002,21.075,2.9879999999999987
513,12.645,21.075,2.9879999999999987,12.645,21.425,2.9879999999999987,12.295000000000002,21.425,2.9879999999999987,12.295000000000002,21.075,2.9879999999999987
514,11.645,21.075,2.9879999999999987,11.645,21.425,2.9879999999999987,11.295000000000002,21.425,2.9879999999999987,11.295000000000002,21.075,2.9879999999999987
515,10.645,21.075,2.9879999999999987,10.645,21.425,2.9879999999999987,10.295000000000002,21.425,2.9879999999999987,10.295000000000002,21.075,2.9879999999999987
516,9.645,21.075,2.9879999999999987,9.645,21.425,2.9879999999999987,9.295000000000002,21.425,2.9879999999999987,9.295000000000002,21.075,2.9879999999999987
517,8.645,21.075,2.9879999999999987,8.645,21.425,2.9879999999999987,8.295000000000002,21.425,2.9879999999999987,8.295000000000002,21.075,2.9879999999999987
518,7.6450000000000005,21.075,2.9879999999999987,7.6450000000000005,21.425,2.9879999999999987,7.295000000000001,21.425,2.9879999999999987,7.295000000000001,21.075,2.9879999999999987
519,6.6450000000000005,21.075,2.9879999999999987,6.6450000000000005,21.425,2.9879999999999987,6.295000000000001,21.425,2.9879999999999987,6.295000000000001,21.075,2.9879999999999987
520,5.6450000000000005,21.075,2.9879999999999987,5.6450000000000005,21.425,2.9879999999999987,5.294999999999999,21.425,2.9879999999999987,5.294999999999999,21.075,2.9879999999999987
521,4.6450000000000005,21.075,2.9879999999999987,4.6450000000000005,21.425,2.9879999999999987,4.294999999999999,21.425,2.9879999999999987,4.294999999999999,21.075,2.9879999999999987
522,3.6450000000000005,21.075,2.9879999999999987,3.6450000000000005,21.425,2.9879999999999987,3.294999999999999,21.425,2.9879999999999987,3.294999999999999,21.075,2.9879999999999987
523,2.6450000000000005,21.075,2.9879999999999987,2.6450000000000005,21.425,2.9879999999999987,2.294999999999999,21.425,2.9879999999999987,2.294999999999999,21.075,2.9879999999999987
524,1.6450000000000005,21.075,2.9879999999999987,1.6450000000000005,21.425,2.9879999999999987,1.294999999999999,21.425,2.9879999999999987,1.294999999999999,21.075,2.9879999999999987
525,0.6450000000000005,21.075,2.9879999999999987,0.6450000000000005,21.425,2.9879999999999987,0.29499999999999904,21.425,2.9879999999999987,0.29499999999999904,21.075,2.9879999999999987
526,-0.35499999999999954,21.075,2.9879999999999987,-0.35499999999999954,21.425,2.9879999999999987,-0.705000000000001,21.425,2.9879999999999987,-0.705000000000001,21.075,2.9879999999999987
527,-1.3549999999999995,21.075,2.9879999999999987,-1.3549999999999995,21.425,2.9879999999999987,-1.705000000000001,21.425,2.9879999999999987,-1.705000000000001,21.075,2.9879999999999987
